Nivå	Typeinndeling	HTG	HT	GT_nr	Basic type	S_kode	Name	Name_EN	Kortnavn	Beskrivelse	KLG_RE-IA	KLG_RE-ID-KF	KLG_RE-KS	KLG_KA	KLG_IYK	KLG_IP	KLG_BP	KLG_VP	KLG_VE	KLG_AI	KLG_AI-KS	KLG_JP	Pred_Lnr	Naturlandskap	rekkefølge_kjeding_klg					
LA	TI	I	I-A			LA-TI-I-A	Innlandsås- og fjellandskap	Hills and mountains	Innlandsås- og fjellandskap	Innlandsås- og fjellandskap omfatter større konkave og konvekse landformer uten kystlinje, med større høydeforskjeller enn 50 meter innenfor en kilometer, og som ikke  tilfredsstiller kriteriene for verken dal eller innlandsslette. Landformene i ås- og fjelltopplandskap er resultatet av et stort mangfold av geologiske og landformdannende prosesser.	KLG_RE-IA						KLG_BP		KLG_VE	KLG_AI		KLG_JP	0		KLG_RE-IA,KLG_BP,KLG_VE,KLG_AI,KLG_JP					
LA	TI	I	I-D			LA-TI-I-D	Innlandsdallandskap	Valleys	Innlandsdallandskap	Hovedtypen dallandskap omfatter større sammenhengende daler i landskapet, som oftest med U-profil, som i store trekk er skapt av erosjonsprosesser primært knyttet til breer.		KLG_RE-ID-KF				KLG_IP	KLG_BP		KLG_VE	KLG_AI		KLG_JP	0		KLG_RE-ID-KF,KLG_VE,KLG_IP,KLG_BP,KLG_AI,KLG_JP					
LA	TI	I	I-S			LA-TI-I-S	Innlandsslettelandskap	Inland irregular plains	Innlandsslettelandskap	Hovedtypen innlandsslettelandskap omfatter landskap uten kystlinje, der høydeforskjellene innenfor en kilometer ikke overstiger 50 meter. Hovedtypen omfatter fjellvidder, skog- og forfjellsvidder, leirsletter og lavlandssletter. Utformingen av slettelandskapet er resultatet av et stort mangfold av geologiske og landformdannende prosesser.				KLG_KA			KLG_BP	KLG_VP	KLG_VE	KLG_AI		KLG_JP	0		KLG_KA,KLG_VE,KLG_VP,KLG_BP,KLG_AI,KLG_JP					
LA	TI	K	K-F			LA-TI-K-F	Fjordlandskap	Fjords	Fjordlandskap	Hovedtypen fjordlandskap omfatter større sammenhengende fjorder. Dette er normalt U-daler som ligger under havnivå, og har kontakt med havet. Fjordene er skapt av breer som har gravd under havnivå.		KLG_RE-ID-KF						KLG_VP		KLG_AI		KLG_JP	0		KLG_RE-ID-KF,KLG_VP,KLG_AI,KLG_JP					
LA	TI	K	K-S			LA-TI-K-S	Kystslettelandskap	Coastal plains	Kystslettelandskap	Kystslettelandskapet omfatter den lave bremen av land beliggende omkring kystlinja som veksler mellom +50 og –50 m o.h., og som ofte omfatter et mylder av skjær og øyer. Mesteparten av kystslettelandskapet ligger under havnivå. Kystslettelandskapet mellom Rogaland og Nordkapp omtales gjerne som strandflaten. Denne avgrenses mot innlandet av markante åser og fjell. Det er vanlig med ‘restfjell’ på strandflaten, dvs. isolerte fjell og åser som står høyere enn kystslettelandskapet omkring, med en brem av lavt/flatt land omkring (f.eks. Træna, Torghatten, Lovund, m.fl.).  Landformen er skapt av et samvirke mellom flere ulike landformprosesser i hovedsak knyttet til nedisning, erosjon fra breer, bølgeerosjon og frostforvitring. I hovedtypen kystslette inngår også annet kysttilknyttet landskap med tilsvarende relativt relieff.			KLG_RE-KS		KLG_IYK			KLG_VP			KLG_AI-KS	KLG_JP	0		KLG_IYK,KLG_RE-KS,KLG_VP,KLG_AI-KS,KLG_JP					
LA	TI	I				LA-TI-I	Innlandslandskap	Inland	Innlandslandskap	Hovedtypegruppa innlandslandskap omfatter alle landskap uten kystlinje, og omfatter hovedtypene dal-, slette, ås- og fjellandskap.													0							
LA	TI	K				LA-TI-K	Kystlandskap	Coast	Kystlandskap	Hovedtypegruppa kystlandskap omfatter alle landskap i kystsonen, i overgangen mellom hav og land. Gruppa omfatter hovedtypene fjordlandskap, kystslettelandskap og kystås- og fjellandskap, og skilles fra rent marine og rent terrestre landskap ved forekomst av kystlinje.													0							
LA	TI	M				LA-TI-M	Marine landskap	Marine	Marine landskap	Marine landskap er landskap som i sin helhet ligger under havnivå og som derfor mangler kystlinje.													0							
LA	TI	I	I-A	1	I-A-1	LA-TI-I-A-1	Grunne daler i ås- og fjellandskap under skoggrensen	Concave-shaped hills	Dalformet åslandskap		KLG_RE-IA-1						KLG_BP-1		KLG_VE-1	KLG_AI-1		KLG_JP-1	1	1	KLG_RE-IA,KLG_BP,KLG_VE,KLG_AI,KLG_JP					
LA	TI	I	I-A	2	I-A-2	LA-TI-I-A-2	Grunne daler i ås- og fjellandskap under skoggrensen med jordbruksdominans	Concave-shaped hills with agriculture	Dalformet åslandskap med jordbruksdominans		KLG_RE-IA-1						KLG_BP-1		KLG_VE-1	KLG_AI-1		KLG_JP-2	2	1	KLG_RE-IA,KLG_BP,KLG_VE,KLG_AI,KLG_JP					
LA	TI	I	I-A	3	I-A-3	LA-TI-I-A-3	Grunne daler i ås- og fjellandskap under skoggrensen med bebygde områder	Concave-shaped hills with settlements	Dalformet åslandskap med bebyggelse		KLG_RE-IA-1						KLG_BP-1		KLG_VE-1	KLG_AI-2		KLG_JP-1	3	0	KLG_RE-IA,KLG_BP,KLG_VE,KLG_AI,KLG_JP					
LA	TI	I	I-A	4	I-A-4	LA-TI-I-A-4	Grunne daler i ås- og fjellandskap under skoggrensen med bebygde områder og jordbruksdominans	Concave-shaped hills with settlements and agriculture	Dalformet åslandskap med bebyggelse og jordbruksdominans		KLG_RE-IA-1						KLG_BP-1		KLG_VE-1	KLG_AI-2		KLG_JP-2	4	0	KLG_RE-IA,KLG_BP,KLG_VE,KLG_AI,KLG_JP					
LA	TI	I	I-A	5	I-A-5	LA-TI-I-A-5	Grunne daler i ås- og fjellandskap under skoggrensen med tett bebyggelse	Concave-shaped hills with village	Dalformet åslandskap med tett bebyggelse		KLG_RE-IA-1						KLG_BP-1		KLG_VE-1	KLG_AI-3		KLG_JP-1	5	0	KLG_RE-IA,KLG_BP,KLG_VE,KLG_AI,KLG_JP					
LA	TI	I	I-A	6	I-A-6	LA-TI-I-A-6	Grunne daler i ås- og fjellandskap under skoggrensen med tett bebyggelse  og jordbruksdominans	Concave-shaped hills with village and agriculture	Dalformet åslandskap med tett bebyggelse  og jordbruksdominans		KLG_RE-IA-1						KLG_BP-1		KLG_VE-1	KLG_AI-3		KLG_JP-2	6	0	KLG_RE-IA,KLG_BP,KLG_VE,KLG_AI,KLG_JP					
LA	TI	I	I-A	7	I-A-7	LA-TI-I-A-7	Grunne daler i ås- og fjellandskap under skoggrensen med by	Concave-shaped hills with city	Dalformet åslandskap med by		KLG_RE-IA-1						KLG_BP-1		KLG_VE-1	KLG_AI-4		KLG_JP-1	7	0	KLG_RE-IA,KLG_BP,KLG_VE,KLG_AI,KLG_JP					
LA	TI	I	I-A	8	I-A-8	LA-TI-I-A-8	Grunne daler i ås- og fjellandskap med hei under skoggrensen	Concave-shaped low mountains	Dalformet åslandskap med hei		KLG_RE-IA-1						KLG_BP-1		KLG_VE-2	KLG_AI-1		KLG_JP-1	8	1	KLG_RE-IA,KLG_BP,KLG_VE,KLG_AI,KLG_JP					
LA	TI	I	I-A	9	I-A-9	LA-TI-I-A-9	Grunne daler i ås- og fjellandskap med hei under skoggrensen med jordbruksdominans	Concave-shaped low mountains with agriculture	Dalformet åslandskap med hei og jordbruksdominans		KLG_RE-IA-1						KLG_BP-1		KLG_VE-2	KLG_AI-1		KLG_JP-2	9	1	KLG_RE-IA,KLG_BP,KLG_VE,KLG_AI,KLG_JP					
LA	TI	I	I-A	10	I-A-10	LA-TI-I-A-10	Grunne daler i ås- og fjellandskap med hei under skoggrensen med bebygde områder	Concave-shaped low mountains with settlements	Dalformet åslandskap med hei og bebyggelse		KLG_RE-IA-1						KLG_BP-1		KLG_VE-2	KLG_AI-2		KLG_JP-1	10	0	KLG_RE-IA,KLG_BP,KLG_VE,KLG_AI,KLG_JP					
LA	TI	I	I-A	11	I-A-11	LA-TI-I-A-11	Grunne daler i ås- og fjellandskap med hei over skoggrensen	Concave-shaped mountains	Dalformet fjellandskap med hei		KLG_RE-IA-1						KLG_BP-1		KLG_VE-3	KLG_AI-1		KLG_JP-1	11	1	KLG_RE-IA,KLG_BP,KLG_VE,KLG_AI,KLG_JP					
LA	TI	I	I-A	12	I-A-12	LA-TI-I-A-12	Grunne daler i ås- og fjellandskap med bart fjell over skoggrensen	Concave-shaped barren mountains	Dalformet bart fjellandskap		KLG_RE-IA-1						KLG_BP-1		KLG_VE-4	KLG_AI-1		KLG_JP-1	12	1	KLG_RE-IA,KLG_BP,KLG_VE,KLG_AI,KLG_JP					
LA	TI	I	I-A	13	I-A-13	LA-TI-I-A-13	Grunne daler i ås- og fjellandskap dominert av isbre med bart fjell over skoggrensen	Concave-shaped barren mountains with glacier	Dalformet bart fjellandskap dominert av isbre		KLG_RE-IA-1						KLG_BP-2		KLG_VE-4	KLG_AI-1		KLG_JP-1	13	1	KLG_RE-IA,KLG_BP,KLG_VE,KLG_AI,KLG_JP					
LA	TI	I	I-A	14	I-A-14	LA-TI-I-A-14	Slakt til småkupert ås- og fjellandskap under skoggrensen	Undulating hills	Slakt til småkupert åslandskap		KLG_RE-IA-2						KLG_BP-1		KLG_VE-1	KLG_AI-1		KLG_JP-1	14	1	KLG_RE-IA,KLG_BP,KLG_VE,KLG_AI,KLG_JP					
LA	TI	I	I-A	15	I-A-15	LA-TI-I-A-15	Slakt til småkupert ås- og fjellandskap under skoggrensen med jordbruksdominans	Undulating hills with agriculture	Slakt til småkupert åslandskap med jordbruksdominans		KLG_RE-IA-2						KLG_BP-1		KLG_VE-1	KLG_AI-1		KLG_JP-2	15	1	KLG_RE-IA,KLG_BP,KLG_VE,KLG_AI,KLG_JP					
LA	TI	I	I-A	16	I-A-16	LA-TI-I-A-16	Slakt til småkupert ås- og fjellandskap under skoggrensen med bebygde områder	Undulating hills with settlements	Slakt til småkupert åslandskap med bebyggelse		KLG_RE-IA-2						KLG_BP-1		KLG_VE-1	KLG_AI-2		KLG_JP-1	16	0	KLG_RE-IA,KLG_BP,KLG_VE,KLG_AI,KLG_JP					
LA	TI	I	I-A	17	I-A-17	LA-TI-I-A-17	Slakt til småkupert ås- og fjellandskap under skoggrensen med bebygde områder og jordbruksdominans	Undulating hills with settlements and agriculture	Slakt til småkupert åslandskap med bebyggelse og jordbruksdominans		KLG_RE-IA-2						KLG_BP-1		KLG_VE-1	KLG_AI-2		KLG_JP-2	17	0	KLG_RE-IA,KLG_BP,KLG_VE,KLG_AI,KLG_JP					
LA	TI	I	I-A	18	I-A-18	LA-TI-I-A-18	Slakt til småkupert ås- og fjellandskap under skoggrensen med tett bebyggelse	Undulating hills with village	Slakt til småkupert åslandskap med tett bebyggelse		KLG_RE-IA-2						KLG_BP-1		KLG_VE-1	KLG_AI-3		KLG_JP-1	18	0	KLG_RE-IA,KLG_BP,KLG_VE,KLG_AI,KLG_JP					
LA	TI	I	I-A	19	I-A-19	LA-TI-I-A-19	Slakt til småkupert ås- og fjellandskap under skoggrensen med tett bebyggelse  og jordbruksdominans	Undulating hills with village and agriculture	Slakt til småkupert åslandskap med tett bebyggelse  og jordbruksdominans		KLG_RE-IA-2						KLG_BP-1		KLG_VE-1	KLG_AI-3		KLG_JP-2	19	0	KLG_RE-IA,KLG_BP,KLG_VE,KLG_AI,KLG_JP					
LA	TI	I	I-A	20	I-A-20	LA-TI-I-A-20	Slakt til småkupert ås- og fjellandskap under skoggrensen med by	Undulating hills with city	Slakt til småkupert åslandskap med by		KLG_RE-IA-2						KLG_BP-1		KLG_VE-1	KLG_AI-4		KLG_JP-1	20	0	KLG_RE-IA,KLG_BP,KLG_VE,KLG_AI,KLG_JP					
LA	TI	I	I-A	21	I-A-21	LA-TI-I-A-21	Slakt til småkupert ås- og fjellandskap med hei under skoggrensen	Undulating low mountains	Slakt til småkupert åslandskap med hei		KLG_RE-IA-2						KLG_BP-1		KLG_VE-2	KLG_AI-1		KLG_JP-1	21	1	KLG_RE-IA,KLG_BP,KLG_VE,KLG_AI,KLG_JP					
LA	TI	I	I-A	22	I-A-22	LA-TI-I-A-22	Slakt til småkupert ås- og fjellandskap med hei under skoggrensen med bebygde områder	Undulating low mountains with settlements	Slakt til småkupert åslandskap med hei og bebyggelse		KLG_RE-IA-2						KLG_BP-1		KLG_VE-2	KLG_AI-2		KLG_JP-1	22	0	KLG_RE-IA,KLG_BP,KLG_VE,KLG_AI,KLG_JP					
LA	TI	I	I-A	23	I-A-23	LA-TI-I-A-23	Slakt til småkupert ås- og fjellandskap med hei over skoggrensen	Undulating mountains	Slakt til småkupert fjellandskap med hei		KLG_RE-IA-2						KLG_BP-1		KLG_VE-3	KLG_AI-1		KLG_JP-1	23	1	KLG_RE-IA,KLG_BP,KLG_VE,KLG_AI,KLG_JP					
LA	TI	I	I-A	24	I-A-24	LA-TI-I-A-24	Slakt til småkupert ås- og fjellandskap med hei over skoggrensen med bebygde områder	Undulating mountains with settlements	Slakt til småkupert fjellandskap med hei og bebyggelse		KLG_RE-IA-2						KLG_BP-1		KLG_VE-3	KLG_AI-2		KLG_JP-1	24	0	KLG_RE-IA,KLG_BP,KLG_VE,KLG_AI,KLG_JP					
LA	TI	I	I-A	25	I-A-25	LA-TI-I-A-25	Slakt til småkupert ås- og fjellandskap med bart fjell over skoggrensen	Undulating barren mountains	Slakt til småkupert bart fjellandskap		KLG_RE-IA-2						KLG_BP-1		KLG_VE-4	KLG_AI-1		KLG_JP-1	25	1	KLG_RE-IA,KLG_BP,KLG_VE,KLG_AI,KLG_JP					
LA	TI	I	I-A	26	I-A-26	LA-TI-I-A-26	Slakt til småkupert ås- og fjellandskap dominert av isbre med bart fjell over skoggrensen	Undulating barren mountains with glacier	Slakt til småkupert bart fjellandskap dominert av isbre		KLG_RE-IA-2						KLG_BP-2		KLG_VE-4	KLG_AI-1		KLG_JP-1	26	1	KLG_RE-IA,KLG_BP,KLG_VE,KLG_AI,KLG_JP					
LA	TI	I	I-A	27	I-A-27	LA-TI-I-A-27	Middels kupert ås- og fjellandskap under skoggrensen	Medium steep hills	Middels kupert åslandskap		KLG_RE-IA-3						KLG_BP-1		KLG_VE-1	KLG_AI-1		KLG_JP-1	27	1	KLG_RE-IA,KLG_BP,KLG_VE,KLG_AI,KLG_JP					
LA	TI	I	I-A	28	I-A-28	LA-TI-I-A-28	Middels kupert ås- og fjellandskap under skoggrensen med jordbruksdominans	Medium steep hills with agriculture	Middels kupert åslandskap med jordbruksdominans		KLG_RE-IA-3						KLG_BP-1		KLG_VE-1	KLG_AI-1		KLG_JP-2	28	1	KLG_RE-IA,KLG_BP,KLG_VE,KLG_AI,KLG_JP					
LA	TI	I	I-A	29	I-A-29	LA-TI-I-A-29	Middels kupert ås- og fjellandskap under skoggrensen med bebygde områder	Medium steep hills with settlements	Middels kupert åslandskap med bebyggelse		KLG_RE-IA-3						KLG_BP-1		KLG_VE-1	KLG_AI-2		KLG_JP-1	29	0	KLG_RE-IA,KLG_BP,KLG_VE,KLG_AI,KLG_JP					
LA	TI	I	I-A	30	I-A-30	LA-TI-I-A-30	Middels kupert ås- og fjellandskap under skoggrensen med bebygde områder og jordbruksdominans	Medium steep hills with settlements and agriculture	Middels kupert åslandskap med bebyggelse og jordbruksdominans		KLG_RE-IA-3						KLG_BP-1		KLG_VE-1	KLG_AI-2		KLG_JP-2	30	0	KLG_RE-IA,KLG_BP,KLG_VE,KLG_AI,KLG_JP					
LA	TI	I	I-A	31	I-A-31	LA-TI-I-A-31	Middels kupert ås- og fjellandskap under skoggrensen med tett bebyggelse	Medium steep hills with village	Middels kupert åslandskap med tett bebyggelse		KLG_RE-IA-3						KLG_BP-1		KLG_VE-1	KLG_AI-3		KLG_JP-1	31	0	KLG_RE-IA,KLG_BP,KLG_VE,KLG_AI,KLG_JP					
LA	TI	I	I-A	32	I-A-32	LA-TI-I-A-32	Middels kupert ås- og fjellandskap under skoggrensen med tett bebyggelse  og jordbruksdominans	Medium steep hills with village and agriculture	Middels kupert åslandskap med tett bebyggelse  og jordbruksdominans		KLG_RE-IA-3						KLG_BP-1		KLG_VE-1	KLG_AI-3		KLG_JP-2	32	0	KLG_RE-IA,KLG_BP,KLG_VE,KLG_AI,KLG_JP					
LA	TI	I	I-A	33	I-A-33	LA-TI-I-A-33	Middels kupert ås- og fjellandskap med hei under skoggrensen	Medium steep low mountains	Middels kupert åslandskap med by		KLG_RE-IA-3						KLG_BP-1		KLG_VE-2	KLG_AI-1		KLG_JP-1	33	1	KLG_RE-IA,KLG_BP,KLG_VE,KLG_AI,KLG_JP					
LA	TI	I	I-A	34	I-A-34	LA-TI-I-A-34	Middels kupert ås- og fjellandskap med hei under skoggrensen med jordbruksdominans	Medium steep low mountains and agriculture	Middels kupert åslandskap med hei  og jordbruksdominans		KLG_RE-IA-3						KLG_BP-1		KLG_VE-2	KLG_AI-1		KLG_JP-2	34	1	KLG_RE-IA,KLG_BP,KLG_VE,KLG_AI,KLG_JP					
LA	TI	I	I-A	35	I-A-35	LA-TI-I-A-35	Middels kupert ås- og fjellandskap med hei under skoggrensen med bebygde områder	Medium steep low mountains with settlements	Middels kupert åslandskap med hei og bebyggelse		KLG_RE-IA-3						KLG_BP-1		KLG_VE-2	KLG_AI-2		KLG_JP-1	35	0	KLG_RE-IA,KLG_BP,KLG_VE,KLG_AI,KLG_JP					
LA	TI	I	I-A	36	I-A-36	LA-TI-I-A-36	Middels kupert ås- og fjellandskap med hei over skoggrensen	Medium steep mountains	Middels kupert fjellandskap med hei		KLG_RE-IA-3						KLG_BP-1		KLG_VE-3	KLG_AI-1		KLG_JP-1	36	1	KLG_RE-IA,KLG_BP,KLG_VE,KLG_AI,KLG_JP					
LA	TI	I	I-A	37	I-A-37	LA-TI-I-A-37	Middels kupert ås- og fjellandskap med hei over skoggrensen med bebygde områder	Medium steep mountains with settlements	Middels kupert fjellandskap med hei og bebyggelse		KLG_RE-IA-3						KLG_BP-1		KLG_VE-3	KLG_AI-2		KLG_JP-1	37	0	KLG_RE-IA,KLG_BP,KLG_VE,KLG_AI,KLG_JP					
LA	TI	I	I-A	38	I-A-38	LA-TI-I-A-38	Middels kupert ås- og fjellandskap med bart fjell over skoggrensen	Medium steep barren mountains	Middels kupert bart fjellandskap		KLG_RE-IA-3						KLG_BP-1		KLG_VE-4	KLG_AI-1		KLG_JP-1	38	1	KLG_RE-IA,KLG_BP,KLG_VE,KLG_AI,KLG_JP					
LA	TI	I	I-A	39	I-A-39	LA-TI-I-A-39	Middels kupert ås- og fjellandskap dominert av isbre med bart fjell over skoggrensen	Medium steep barren mountains with glacier	Middels kupert bart fjellandskap dominert av isbre		KLG_RE-IA-3						KLG_BP-2		KLG_VE-4	KLG_AI-1		KLG_JP-1	39	1	KLG_RE-IA,KLG_BP,KLG_VE,KLG_AI,KLG_JP					
LA	TI	I	I-A	40	I-A-40	LA-TI-I-A-40	Kupert ås- og fjellandskap under skoggrensen	Steep hills	Kupert åslandskap		KLG_RE-IA-4						KLG_BP-1		KLG_VE-1	KLG_AI-1		KLG_JP-1	40	1	KLG_RE-IA,KLG_BP,KLG_VE,KLG_AI,KLG_JP					
LA	TI	I	I-A	41	I-A-41	LA-TI-I-A-41	Kupert ås- og fjellandskap under skoggrensen med bebygde områder	Steep hills with settlements	Kupert åslandskap med bebyggelse		KLG_RE-IA-4						KLG_BP-1		KLG_VE-1	KLG_AI-2		KLG_JP-1	41	0	KLG_RE-IA,KLG_BP,KLG_VE,KLG_AI,KLG_JP					
LA	TI	I	I-A	42	I-A-42	LA-TI-I-A-42	Kupert ås- og fjellandskap under skoggrensen med bebygde områder og jordbruksdominans	Steep hills with settlements and agriculture	Kupert åslandskap med bebyggelse og jordbruksdominans		KLG_RE-IA-4						KLG_BP-1		KLG_VE-1	KLG_AI-2		KLG_JP-2	42	0	KLG_RE-IA,KLG_BP,KLG_VE,KLG_AI,KLG_JP					
LA	TI	I	I-A	43	I-A-43	LA-TI-I-A-43	Kupert ås- og fjellandskap under skoggrensen med tett bebyggelse	Steep hills with village	Kupert åslandskap med tett bebyggelse		KLG_RE-IA-4						KLG_BP-1		KLG_VE-1	KLG_AI-3		KLG_JP-1	43	0	KLG_RE-IA,KLG_BP,KLG_VE,KLG_AI,KLG_JP					
LA	TI	I	I-A	44	I-A-44	LA-TI-I-A-44	Kupert ås- og fjellandskap med hei under skoggrensen	Steep low mountains	Kupert åslandskap med hei		KLG_RE-IA-4						KLG_BP-1		KLG_VE-2	KLG_AI-1		KLG_JP-1	44	1	KLG_RE-IA,KLG_BP,KLG_VE,KLG_AI,KLG_JP					
LA	TI	I	I-A	45	I-A-45	LA-TI-I-A-45	Kupert ås- og fjellandskap med hei over skoggrensen	Steep mountains	Kupert fjellandskap med hei		KLG_RE-IA-4						KLG_BP-1		KLG_VE-3	KLG_AI-1		KLG_JP-1	45	1	KLG_RE-IA,KLG_BP,KLG_VE,KLG_AI,KLG_JP					
LA	TI	I	I-A	46	I-A-46	LA-TI-I-A-46	Kupert ås- og fjellandskap med bart fjell over skoggrensen	Steep barren mountains	Kupert bart fjellandskap		KLG_RE-IA-4						KLG_BP-1		KLG_VE-4	KLG_AI-1		KLG_JP-1	46	1	KLG_RE-IA,KLG_BP,KLG_VE,KLG_AI,KLG_JP					
LA	TI	I	I-A	47	I-A-47	LA-TI-I-A-47	Kupert ås- og fjellandskap dominert av isbre med bart fjell over skoggrensen	Steep barren mountains with glacier	Kupert bart fjellandskap dominert av isbre		KLG_RE-IA-4						KLG_BP-2		KLG_VE-4	KLG_AI-1		KLG_JP-1	47	1	KLG_RE-IA,KLG_BP,KLG_VE,KLG_AI,KLG_JP					
LA	TI	I	I-A	48	I-A-48	LA-TI-I-A-48	Tindepreget ås- og fjellandskap under skoggrensen	Steep and rugged hills	Tindepreget åslandskap		KLG_RE-IA-5						KLG_BP-1		KLG_VE-1	KLG_AI-1		KLG_JP-1	48	1	KLG_RE-IA,KLG_BP,KLG_VE,KLG_AI,KLG_JP					
LA	TI	I	I-A	49	I-A-49	LA-TI-I-A-49	Tindepreget ås- og fjellandskap under skoggrensen med bebygde områder	Steep and rugged hills with settlements	Tindepreget åslandskap med bebyggelse		KLG_RE-IA-5						KLG_BP-1		KLG_VE-1	KLG_AI-2		KLG_JP-1	49	0	KLG_RE-IA,KLG_BP,KLG_VE,KLG_AI,KLG_JP					
LA	TI	I	I-A	50	I-A-50	LA-TI-I-A-50	Tindepreget ås- og fjellandskap under skoggrensen med tett bebyggelse	Steep and rugged hills with village	Tindepreget åslandskap med tett bebyggelse		KLG_RE-IA-5						KLG_BP-1		KLG_VE-1	KLG_AI-3		KLG_JP-1	50	0	KLG_RE-IA,KLG_BP,KLG_VE,KLG_AI,KLG_JP					
LA	TI	I	I-A	51	I-A-51	LA-TI-I-A-51	Tindepreget ås- og fjellandskap med hei under skoggrensen	Steep and rugged low mountains	Tindepreget åslandskap med hei		KLG_RE-IA-5						KLG_BP-1		KLG_VE-2	KLG_AI-1		KLG_JP-1	51	1	KLG_RE-IA,KLG_BP,KLG_VE,KLG_AI,KLG_JP					
LA	TI	I	I-A	52	I-A-52	LA-TI-I-A-52	Tindepreget ås- og fjellandskap med hei over skoggrensen	Steep and rugged mountains	Tindepreget fjellandskap med hei		KLG_RE-IA-5						KLG_BP-1		KLG_VE-3	KLG_AI-1		KLG_JP-1	52	1	KLG_RE-IA,KLG_BP,KLG_VE,KLG_AI,KLG_JP					
LA	TI	I	I-A	53	I-A-53	LA-TI-I-A-53	Tindepreget ås- og fjellandskap med bart fjell over skoggrensen	Steep and rugged barren mountains	Tindepreget bart fjellandskap		KLG_RE-IA-5						KLG_BP-1		KLG_VE-4	KLG_AI-1		KLG_JP-1	53	1	KLG_RE-IA,KLG_BP,KLG_VE,KLG_AI,KLG_JP					
LA	TI	I	I-A	54	I-A-54	LA-TI-I-A-54	Tindepreget ås- og fjellandskap dominert av isbre med bart fjell over skoggrensen	Steep and rugged barren mountains with glacier	Tindepreget bart fjellandskap dominert av isbre		KLG_RE-IA-5						KLG_BP-2		KLG_VE-4	KLG_AI-1		KLG_JP-1	54	1	KLG_RE-IA,KLG_BP,KLG_VE,KLG_AI,KLG_JP					
LA	TI	I	I-D	1	I-D-1	LA-TI-I-D-1	Åpent dallandskap under skoggrensen	Open valley	Åpent dallandskap under skoggrensen			KLG_RE-ID-KF-1				KLG_IP-1	KLG_BP-1		KLG_VE-1	KLG_AI-1		KLG_JP-1	55	1	KLG_RE-ID-KF,KLG_VE,KLG_IP,KLG_BP,KLG_AI,KLG_JP					
LA	TI	I	I-D	2	I-D-2	LA-TI-I-D-2	Åpent dallandskap under skoggrensen med jordbruksdominans	Open valley and agriculture	Åpent dallandskap med jordbruksdominans			KLG_RE-ID-KF-1				KLG_IP-1	KLG_BP-1		KLG_VE-1	KLG_AI-1		KLG_JP-2	56	1	KLG_RE-ID-KF,KLG_VE,KLG_IP,KLG_BP,KLG_AI,KLG_JP					
LA	TI	I	I-D	3	I-D-3	LA-TI-I-D-3	Åpent dallandskap under skoggrensen med bebygde områder	Open valley with settlements	Åpent dallandskap under skoggrensen med bebyggelse			KLG_RE-ID-KF-1				KLG_IP-1	KLG_BP-1		KLG_VE-1	KLG_AI-2		KLG_JP-1	57	0	KLG_RE-ID-KF,KLG_VE,KLG_IP,KLG_BP,KLG_AI,KLG_JP					
LA	TI	I	I-D	4	I-D-4	LA-TI-I-D-4	Åpent dallandskap under skoggrensen med bebygde områder og jordbruksdominans	Open valley with settlements and agriculture	Åpent dallandskap med bebyggelse og jordbruksdominans			KLG_RE-ID-KF-1				KLG_IP-1	KLG_BP-1		KLG_VE-1	KLG_AI-2		KLG_JP-2	58	0	KLG_RE-ID-KF,KLG_VE,KLG_IP,KLG_BP,KLG_AI,KLG_JP					
LA	TI	I	I-D	5	I-D-5	LA-TI-I-D-5	Åpent dallandskap under skoggrensen med tett bebyggelse	Open valley with village	Åpent dallandskap under skoggrensen med tett bebyggelse			KLG_RE-ID-KF-1				KLG_IP-1	KLG_BP-1		KLG_VE-1	KLG_AI-3		KLG_JP-1	59	0	KLG_RE-ID-KF,KLG_VE,KLG_IP,KLG_BP,KLG_AI,KLG_JP					
LA	TI	I	I-D	6	I-D-6	LA-TI-I-D-6	Åpent dallandskap under skoggrensen med tett bebyggelse  og jordbruksdominans	Open valley with village and agriculture	Åpent dallandskap med hei, tett bebyggelse  og jordbruksdominans			KLG_RE-ID-KF-1				KLG_IP-1	KLG_BP-1		KLG_VE-1	KLG_AI-3		KLG_JP-2	60	0	KLG_RE-ID-KF,KLG_VE,KLG_IP,KLG_BP,KLG_AI,KLG_JP					
LA	TI	I	I-D	7	I-D-7	LA-TI-I-D-7	Åpent dallandskap med hei under skoggrensen	Open lower mountain valley	Åpent dallandskap med hei under skoggrensen			KLG_RE-ID-KF-1				KLG_IP-1	KLG_BP-1		KLG_VE-2	KLG_AI-1		KLG_JP-1	61	1	KLG_RE-ID-KF,KLG_VE,KLG_IP,KLG_BP,KLG_AI,KLG_JP					
LA	TI	I	I-D	8	I-D-8	LA-TI-I-D-8	Åpent dallandskap med hei under skoggrensen med bebygde områder	Open lower mountain valley with settlements	Åpent dallandskap i fjellet med hei og bebyggelse			KLG_RE-ID-KF-1				KLG_IP-1	KLG_BP-1		KLG_VE-2	KLG_AI-2		KLG_JP-1	62	0	KLG_RE-ID-KF,KLG_VE,KLG_IP,KLG_BP,KLG_AI,KLG_JP					
LA	TI	I	I-D	9	I-D-9	LA-TI-I-D-9	Åpent dallandskap med hei over skoggrensen	Open mountain valley	Åpent dallandskap i fjellet med hei			KLG_RE-ID-KF-1				KLG_IP-1	KLG_BP-1		KLG_VE-3	KLG_AI-1		KLG_JP-1	63	1	KLG_RE-ID-KF,KLG_VE,KLG_IP,KLG_BP,KLG_AI,KLG_JP					
LA	TI	I	I-D	10	I-D-10	LA-TI-I-D-10	Åpent dallandskap med bart fjell over skoggrensen	Open barren mountain valley	Åpent dallandskap i fjellet med bart fjell			KLG_RE-ID-KF-1				KLG_IP-1	KLG_BP-1		KLG_VE-4	KLG_AI-1		KLG_JP-1	64	1	KLG_RE-ID-KF,KLG_VE,KLG_IP,KLG_BP,KLG_AI,KLG_JP					
LA	TI	I	I-D	11	I-D-11	LA-TI-I-D-11	Åpent dallandskap med bart fjell over skoggrensen dominert av isbre	Open barren mountain valley with glacier	Åpent dallandskap dominert av isbre			KLG_RE-ID-KF-1				KLG_IP-1	KLG_BP-2		KLG_VE-4	KLG_AI-1		KLG_JP-1	65	1	KLG_RE-ID-KF,KLG_VE,KLG_IP,KLG_BP,KLG_AI,KLG_JP					
LA	TI	I	I-D	12	I-D-12	LA-TI-I-D-12	Åpent dallandskap under skoggrensen med innsjø	Open valley with lake	Åpent dallandskap under skoggrensen med innsjø			KLG_RE-ID-KF-1				KLG_IP-2	KLG_BP-1		KLG_VE-1	KLG_AI-1		KLG_JP-1	66	1	KLG_RE-ID-KF,KLG_VE,KLG_IP,KLG_BP,KLG_AI,KLG_JP					
LA	TI	I	I-D	13	I-D-13	LA-TI-I-D-13	Åpent dallandskap under skoggrensen med innsjø med jordbruksdominans	Open valley with lake and agriculture	Åpent dallandskap med innsjø og jordbruksdominans			KLG_RE-ID-KF-1				KLG_IP-2	KLG_BP-1		KLG_VE-1	KLG_AI-1		KLG_JP-2	67	1	KLG_RE-ID-KF,KLG_VE,KLG_IP,KLG_BP,KLG_AI,KLG_JP					
LA	TI	I	I-D	14	I-D-14	LA-TI-I-D-14	Åpent dallandskap under skoggrensen med innsjø og bebygde områder	Open valley with lake with settlements	Åpent dallandskap under skoggrensen med innsjø og bebyggelse			KLG_RE-ID-KF-1				KLG_IP-2	KLG_BP-1		KLG_VE-1	KLG_AI-2		KLG_JP-1	68	0	KLG_RE-ID-KF,KLG_VE,KLG_IP,KLG_BP,KLG_AI,KLG_JP					
LA	TI	I	I-D	15	I-D-15	LA-TI-I-D-15	Åpent dallandskap under skoggrensen med innsjø med bebygde områder og jordbruksdominans	Open valley with lake with settlements and agriculture	Åpent dallandskap med innsjø,bebyggelse og jordbruksdominans			KLG_RE-ID-KF-1				KLG_IP-2	KLG_BP-1		KLG_VE-1	KLG_AI-2		KLG_JP-2	69	0	KLG_RE-ID-KF,KLG_VE,KLG_IP,KLG_BP,KLG_AI,KLG_JP					
LA	TI	I	I-D	16	I-D-16	LA-TI-I-D-16	Åpent dallandskap under skoggrensen med innsjø og tett bebyggelse	Open valley with lake with village	Åpent dallandskap under skoggrensen med hei, innsjø og tett bebyggelse			KLG_RE-ID-KF-1				KLG_IP-2	KLG_BP-1		KLG_VE-1	KLG_AI-3		KLG_JP-1	70	0	KLG_RE-ID-KF,KLG_VE,KLG_IP,KLG_BP,KLG_AI,KLG_JP					
LA	TI	I	I-D	17	I-D-17	LA-TI-I-D-17	Åpent dallandskap med hei under skoggrensen med innsjø	Open lower mountain valley with lake	Åpent dallandskap under skoggrensen med hei og innsjø			KLG_RE-ID-KF-1				KLG_IP-2	KLG_BP-1		KLG_VE-2	KLG_AI-1		KLG_JP-1	71	1	KLG_RE-ID-KF,KLG_VE,KLG_IP,KLG_BP,KLG_AI,KLG_JP					
LA	TI	I	I-D	18	I-D-18	LA-TI-I-D-18	Åpent dallandskap med hei under skoggrensen med innsjø og bebygde områder	Open lower mountain valley with lake with settlements	Åpent dallandskap i fjellet med hei, innsjø og bebyggelse			KLG_RE-ID-KF-1				KLG_IP-2	KLG_BP-1		KLG_VE-2	KLG_AI-2		KLG_JP-1	72	0	KLG_RE-ID-KF,KLG_VE,KLG_IP,KLG_BP,KLG_AI,KLG_JP					
LA	TI	I	I-D	19	I-D-19	LA-TI-I-D-19	Åpent dallandskap med hei over skoggrensen med innsjø	Open mountain valley with lake	Åpent dallandskap i fjellet med hei og innsjø			KLG_RE-ID-KF-1				KLG_IP-2	KLG_BP-1		KLG_VE-3	KLG_AI-1		KLG_JP-1	73	1	KLG_RE-ID-KF,KLG_VE,KLG_IP,KLG_BP,KLG_AI,KLG_JP					
LA	TI	I	I-D	20	I-D-20	LA-TI-I-D-20	Åpent dallandskap med bart fjell over skoggrensen med innsjø	Open barren mountain valley with lake	Åpent dallandskap i fjellet med bart fjell og innsjø			KLG_RE-ID-KF-1				KLG_IP-2	KLG_BP-1		KLG_VE-4	KLG_AI-1		KLG_JP-1	74	1	KLG_RE-ID-KF,KLG_VE,KLG_IP,KLG_BP,KLG_AI,KLG_JP					
LA	TI	I	I-D	21	I-D-21	LA-TI-I-D-21	Åpent dallandskap under skoggrensen med større innsjø	Open valley with larger lake	Åpent dallandskap under skoggrensen med større innsjø			KLG_RE-ID-KF-1				KLG_IP-3	KLG_BP-1		KLG_VE-1	KLG_AI-1		KLG_JP-1	75	1	KLG_RE-ID-KF,KLG_VE,KLG_IP,KLG_BP,KLG_AI,KLG_JP					
LA	TI	I	I-D	22	I-D-22	LA-TI-I-D-22	Åpent dallandskap under skoggrensen med større innsjø og bebygde områder	Open valley with larger lake with settlements	Åpent dallandskap under skoggrensen med større innsjø og bebyggelse			KLG_RE-ID-KF-1				KLG_IP-3	KLG_BP-1		KLG_VE-1	KLG_AI-2		KLG_JP-1	76	0	KLG_RE-ID-KF,KLG_VE,KLG_IP,KLG_BP,KLG_AI,KLG_JP					
LA	TI	I	I-D	23	I-D-23	LA-TI-I-D-23	Åpent dallandskap under skoggrensen med større innsjø med bebygde områder og jordbruksdominans	Open valley with larger lake with settlements and agriculture	Åpent dallandskap med større innsjø, bebyggelse og jordbruksdominans			KLG_RE-ID-KF-1				KLG_IP-3	KLG_BP-1		KLG_VE-1	KLG_AI-2		KLG_JP-2	77	0	KLG_RE-ID-KF,KLG_VE,KLG_IP,KLG_BP,KLG_AI,KLG_JP					
LA	TI	I	I-D	24	I-D-24	LA-TI-I-D-24	Åpent dallandskap under skoggrensen med større innsjø og tett bebyggelse	Open valley with larger lake with village	Åpent dallandskap under skoggrensen med større innsjø og tett bebyggelse			KLG_RE-ID-KF-1				KLG_IP-3	KLG_BP-1		KLG_VE-1	KLG_AI-3		KLG_JP-1	78	0	KLG_RE-ID-KF,KLG_VE,KLG_IP,KLG_BP,KLG_AI,KLG_JP					
LA	TI	I	I-D	25	I-D-25	LA-TI-I-D-25	Åpent dallandskap under skoggrensen med større innsjø med tett bebyggelse  og jordbruksdominans	Open valley with larger lake with village and agriculture	Åpent dallandskap med større innsjø, tett bebyggelse  og jordbruksdominans			KLG_RE-ID-KF-1				KLG_IP-3	KLG_BP-1		KLG_VE-1	KLG_AI-3		KLG_JP-2	79	0	KLG_RE-ID-KF,KLG_VE,KLG_IP,KLG_BP,KLG_AI,KLG_JP					
LA	TI	I	I-D	26	I-D-26	LA-TI-I-D-26	Åpent dallandskap under skoggrensen med større innsjø og by	Open valley with larger lake with city	Åpent dallandskap under skoggrensen med hei, større innsjø og by			KLG_RE-ID-KF-1				KLG_IP-3	KLG_BP-1		KLG_VE-1	KLG_AI-4		KLG_JP-1	80	0	KLG_RE-ID-KF,KLG_VE,KLG_IP,KLG_BP,KLG_AI,KLG_JP					
LA	TI	I	I-D	27	I-D-27	LA-TI-I-D-27	Åpent dallandskap med hei under skoggrensen med større innsjø	Open lower mountain valley with larger lake	Åpent dallandskap under skoggrensen med hei og større innsjø			KLG_RE-ID-KF-1				KLG_IP-3	KLG_BP-1		KLG_VE-2	KLG_AI-1		KLG_JP-1	81	1	KLG_RE-ID-KF,KLG_VE,KLG_IP,KLG_BP,KLG_AI,KLG_JP					
LA	TI	I	I-D	28	I-D-28	LA-TI-I-D-28	Åpent dallandskap med hei under skoggrensen med større innsjø og bebygde områder	Open lower mountain valley with larger lake with settlements	Åpent dallandskap under skoggrensen med hei, større innsjø og bebyggelse			KLG_RE-ID-KF-1				KLG_IP-3	KLG_BP-1		KLG_VE-2	KLG_AI-2		KLG_JP-1	82	0	KLG_RE-ID-KF,KLG_VE,KLG_IP,KLG_BP,KLG_AI,KLG_JP					
LA	TI	I	I-D	29	I-D-29	LA-TI-I-D-29	Åpent dallandskap med hei under skoggrensen med større innsjø og tett bebyggelse	Open lower mountain valley with larger lake with village	Åpent dallandskap under skoggrensen med hei, større innsjø og tett bebyggelse			KLG_RE-ID-KF-1				KLG_IP-3	KLG_BP-1		KLG_VE-2	KLG_AI-3		KLG_JP-1	83	0	KLG_RE-ID-KF,KLG_VE,KLG_IP,KLG_BP,KLG_AI,KLG_JP					
LA	TI	I	I-D	30	I-D-30	LA-TI-I-D-30	Åpent dallandskap med hei over skoggrensen med større innsjø	Open mountain valley with larger lake	Åpent dallandskap i fjellet med bart fjell og større innsjø			KLG_RE-ID-KF-1				KLG_IP-3	KLG_BP-1		KLG_VE-3	KLG_AI-1		KLG_JP-1	84	1	KLG_RE-ID-KF,KLG_VE,KLG_IP,KLG_BP,KLG_AI,KLG_JP					
LA	TI	I	I-D	31	I-D-31	LA-TI-I-D-31	Åpent dallandskap med bart fjell over skoggrensen med større innsjø	Open barren mountain valley with larger lake	Åpent dallandskap under skoggrensen med større innsjø			KLG_RE-ID-KF-1				KLG_IP-3	KLG_BP-1		KLG_VE-4	KLG_AI-1		KLG_JP-1	85	1	KLG_RE-ID-KF,KLG_VE,KLG_IP,KLG_BP,KLG_AI,KLG_JP					
LA	TI	I	I-D	32	I-D-32	LA-TI-I-D-32	Relativt åpent dallandskap under skoggrensen	Relatively open valley	Relativt åpent dallandskap under skoggrensen			KLG_RE-ID-KF-2				KLG_IP-1	KLG_BP-1		KLG_VE-1	KLG_AI-1		KLG_JP-1	86	1	KLG_RE-ID-KF,KLG_VE,KLG_IP,KLG_BP,KLG_AI,KLG_JP					
LA	TI	I	I-D	33	I-D-33	LA-TI-I-D-33	Relativt åpent dallandskap under skoggrensen med jordbruksdominans	Relatively open valley and agriculture	Relativt åpent dallandskap med jordbruksdominans			KLG_RE-ID-KF-2				KLG_IP-1	KLG_BP-1		KLG_VE-1	KLG_AI-1		KLG_JP-2	87	1	KLG_RE-ID-KF,KLG_VE,KLG_IP,KLG_BP,KLG_AI,KLG_JP					
LA	TI	I	I-D	34	I-D-34	LA-TI-I-D-34	Relativt åpent dallandskap under skoggrensen med bebygde områder	Relatively open valley with settlements	Relativt åpent dallandskap under skoggrensen med bebyggelse			KLG_RE-ID-KF-2				KLG_IP-1	KLG_BP-1		KLG_VE-1	KLG_AI-2		KLG_JP-1	88	0	KLG_RE-ID-KF,KLG_VE,KLG_IP,KLG_BP,KLG_AI,KLG_JP					
LA	TI	I	I-D	35	I-D-35	LA-TI-I-D-35	Relativt åpent dallandskap under skoggrensen med bebygde områder og jordbruksdominans	Relatively open valley with settlements and agriculture	Relativt åpent dallandskap med bebyggelse og jordbruksdominans			KLG_RE-ID-KF-2				KLG_IP-1	KLG_BP-1		KLG_VE-1	KLG_AI-2		KLG_JP-2	89	0	KLG_RE-ID-KF,KLG_VE,KLG_IP,KLG_BP,KLG_AI,KLG_JP					
LA	TI	I	I-D	36	I-D-36	LA-TI-I-D-36	Relativt åpent dallandskap under skoggrensen med tett bebyggelse	Relatively open valley with village	Relativt åpent dallandskap under skoggrensen med tett bebyggelse			KLG_RE-ID-KF-2				KLG_IP-1	KLG_BP-1		KLG_VE-1	KLG_AI-3		KLG_JP-1	90	0	KLG_RE-ID-KF,KLG_VE,KLG_IP,KLG_BP,KLG_AI,KLG_JP					
LA	TI	I	I-D	37	I-D-37	LA-TI-I-D-37	Relativt åpent dallandskap under skoggrensen med tett bebyggelse  og jordbruksdominans	Relatively open valley with village and agriculture	Relativt åpent dallandskap med hei, tett bebyggelse  og jordbruksdominans			KLG_RE-ID-KF-2				KLG_IP-1	KLG_BP-1		KLG_VE-1	KLG_AI-3		KLG_JP-2	91	0	KLG_RE-ID-KF,KLG_VE,KLG_IP,KLG_BP,KLG_AI,KLG_JP					
LA	TI	I	I-D	38	I-D-38	LA-TI-I-D-38	Relativt åpent dallandskap med hei under skoggrensen	Relatively open lower mountain valley	Relativt åpent dallandskap under skoggrensen med hei			KLG_RE-ID-KF-2				KLG_IP-1	KLG_BP-1		KLG_VE-2	KLG_AI-1		KLG_JP-1	92	1	KLG_RE-ID-KF,KLG_VE,KLG_IP,KLG_BP,KLG_AI,KLG_JP					
LA	TI	I	I-D	39	I-D-39	LA-TI-I-D-39	Relativt åpent dallandskap med hei under skoggrensen med bebygde områder	Relatively open lower mountain valley with settlements	Relativt åpent dallandskap under skoggrensen med hei og bebyggelse			KLG_RE-ID-KF-2				KLG_IP-1	KLG_BP-1		KLG_VE-2	KLG_AI-2		KLG_JP-1	93	0	KLG_RE-ID-KF,KLG_VE,KLG_IP,KLG_BP,KLG_AI,KLG_JP					
LA	TI	I	I-D	40	I-D-40	LA-TI-I-D-40	Relativt åpent dallandskap med hei under skoggrensen med tett bebyggelse	Relatively open lower mountain valley with village	Relativt åpent dallandskap i fjellet med hei og tett bebyggelse			KLG_RE-ID-KF-2				KLG_IP-1	KLG_BP-1		KLG_VE-2	KLG_AI-3		KLG_JP-1	94	0	KLG_RE-ID-KF,KLG_VE,KLG_IP,KLG_BP,KLG_AI,KLG_JP					
LA	TI	I	I-D	41	I-D-41	LA-TI-I-D-41	Relativt åpent dallandskap med hei over skoggrensen	Relatively open mountain valley	Relativt åpent dallandskap i fjellet med hei			KLG_RE-ID-KF-2				KLG_IP-1	KLG_BP-1		KLG_VE-3	KLG_AI-1		KLG_JP-1	95	1	KLG_RE-ID-KF,KLG_VE,KLG_IP,KLG_BP,KLG_AI,KLG_JP					
LA	TI	I	I-D	42	I-D-42	LA-TI-I-D-42	Relativt åpent dallandskap med hei over skoggrensen med bebygde områder	Relatively open mountain valley with settlements	Relativt åpent dallandskap i fjellet med bart fjell og bebyggelse			KLG_RE-ID-KF-2				KLG_IP-1	KLG_BP-1		KLG_VE-3	KLG_AI-2		KLG_JP-1	96	0	KLG_RE-ID-KF,KLG_VE,KLG_IP,KLG_BP,KLG_AI,KLG_JP					
LA	TI	I	I-D	43	I-D-43	LA-TI-I-D-43	Relativt åpent dallandskap med bart fjell over skoggrensen	Relatively open barren mountain valley	Relativt åpent dallandskap i fjellet med bart fjell			KLG_RE-ID-KF-2				KLG_IP-1	KLG_BP-1		KLG_VE-4	KLG_AI-1		KLG_JP-1	97	1	KLG_RE-ID-KF,KLG_VE,KLG_IP,KLG_BP,KLG_AI,KLG_JP					
LA	TI	I	I-D	44	I-D-44	LA-TI-I-D-44	Relativt åpent dallandskap med bart fjell over skoggrensen dominert av isbre	Relatively open barren mountain valley with glacier	Relativt åpent dallandskap dominert av isbre			KLG_RE-ID-KF-2				KLG_IP-1	KLG_BP-2		KLG_VE-4	KLG_AI-1		KLG_JP-1	98	1	KLG_RE-ID-KF,KLG_VE,KLG_IP,KLG_BP,KLG_AI,KLG_JP					
LA	TI	I	I-D	45	I-D-45	LA-TI-I-D-45	Relativt åpent dallandskap under skoggrensen med innsjø	Relatively open valley with lake	Relativt åpent dallandskap under skoggrensen med innsjø			KLG_RE-ID-KF-2				KLG_IP-2	KLG_BP-1		KLG_VE-1	KLG_AI-1		KLG_JP-1	99	1	KLG_RE-ID-KF,KLG_VE,KLG_IP,KLG_BP,KLG_AI,KLG_JP					
LA	TI	I	I-D	46	I-D-46	LA-TI-I-D-46	Relativt åpent dallandskap under skoggrensen med innsjø og bebygde områder	Relatively open valley with lake with settlements	Relativt åpent dallandskap under skoggrensen med innsjø og bebyggelse			KLG_RE-ID-KF-2				KLG_IP-2	KLG_BP-1		KLG_VE-1	KLG_AI-2		KLG_JP-1	100	0	KLG_RE-ID-KF,KLG_VE,KLG_IP,KLG_BP,KLG_AI,KLG_JP					
LA	TI	I	I-D	47	I-D-47	LA-TI-I-D-47	Relativt åpent dallandskap under skoggrensen med innsjø med bebygde områder og jordbruksdominans	Relatively open valley with lake with settlements and agriculture	Relativt åpent dallandskap med innsjø, bebyggelse og jordbruksdominans			KLG_RE-ID-KF-2				KLG_IP-2	KLG_BP-1		KLG_VE-1	KLG_AI-2		KLG_JP-2	101	0	KLG_RE-ID-KF,KLG_VE,KLG_IP,KLG_BP,KLG_AI,KLG_JP					
LA	TI	I	I-D	48	I-D-48	LA-TI-I-D-48	Relativt åpent dallandskap under skoggrensen med innsjø og tett bebyggelse	Relatively open valley with lake with village	Relativt åpent dallandskap under skoggrensen med hei, innsjø og tett bebyggelse			KLG_RE-ID-KF-2				KLG_IP-2	KLG_BP-1		KLG_VE-1	KLG_AI-3		KLG_JP-1	102	0	KLG_RE-ID-KF,KLG_VE,KLG_IP,KLG_BP,KLG_AI,KLG_JP					
LA	TI	I	I-D	49	I-D-49	LA-TI-I-D-49	Relativt åpent dallandskap med hei under skoggrensen med innsjø	Relatively open lower mountain valley with lake	Relativt åpent dallandskap under skoggrensen med hei og innsjø			KLG_RE-ID-KF-2				KLG_IP-2	KLG_BP-1		KLG_VE-2	KLG_AI-1		KLG_JP-1	103	1	KLG_RE-ID-KF,KLG_VE,KLG_IP,KLG_BP,KLG_AI,KLG_JP					
LA	TI	I	I-D	50	I-D-50	LA-TI-I-D-50	Relativt åpent dallandskap med hei under skoggrensen med innsjø og bebygde områder	Relatively open lower mountain valley with lake with settlements	Relativt åpent dallandskap i fjellet med hei, innsjø og bebyggelse			KLG_RE-ID-KF-2				KLG_IP-2	KLG_BP-1		KLG_VE-2	KLG_AI-2		KLG_JP-1	104	0	KLG_RE-ID-KF,KLG_VE,KLG_IP,KLG_BP,KLG_AI,KLG_JP					
LA	TI	I	I-D	51	I-D-51	LA-TI-I-D-51	Relativt åpent dallandskap med hei over skoggrensen med innsjø	Relatively open mountain valley with lake	Relativt åpent dallandskap i fjellet med hei og innsjø			KLG_RE-ID-KF-2				KLG_IP-2	KLG_BP-1		KLG_VE-3	KLG_AI-1		KLG_JP-1	105	1	KLG_RE-ID-KF,KLG_VE,KLG_IP,KLG_BP,KLG_AI,KLG_JP					
LA	TI	I	I-D	52	I-D-52	LA-TI-I-D-52	Relativt åpent dallandskap med bart fjell over skoggrensen med innsjø	Relatively open barren mountain valley with lake	Relativt åpent dallandskap i fjellet med bart fjell og innsjø			KLG_RE-ID-KF-2				KLG_IP-2	KLG_BP-1		KLG_VE-4	KLG_AI-1		KLG_JP-1	106	1	KLG_RE-ID-KF,KLG_VE,KLG_IP,KLG_BP,KLG_AI,KLG_JP					
LA	TI	I	I-D	53	I-D-53	LA-TI-I-D-53	Relativt åpent dallandskap med bart fjell over skoggrensen med innsjø og bebygde områder	Relatively open barren mountain valley with lake with settlements	Relativt åpent dallandskap i fjellet med bart fjell, innsjø og bebyggelse			KLG_RE-ID-KF-2				KLG_IP-2	KLG_BP-1		KLG_VE-4	KLG_AI-2		KLG_JP-1	107	0	KLG_RE-ID-KF,KLG_VE,KLG_IP,KLG_BP,KLG_AI,KLG_JP					
LA	TI	I	I-D	54	I-D-54	LA-TI-I-D-54	Relativt åpent dallandskap med bart fjell over skoggrensen med innsjø dominert av isbre	Relatively open barren mountain valley with lake with glacier	Relativt åpent dallandskap dominert av isbre med innsjø			KLG_RE-ID-KF-2				KLG_IP-2	KLG_BP-2		KLG_VE-4	KLG_AI-1		KLG_JP-1	108	1	KLG_RE-ID-KF,KLG_VE,KLG_IP,KLG_BP,KLG_AI,KLG_JP					
LA	TI	I	I-D	55	I-D-55	LA-TI-I-D-55	Relativt åpent dallandskap under skoggrensen med større innsjø	Relatively open valley with larger lake	Relativt åpent dallandskap under skoggrensen med større innsjø			KLG_RE-ID-KF-2				KLG_IP-3	KLG_BP-1		KLG_VE-1	KLG_AI-1		KLG_JP-1	109	1	KLG_RE-ID-KF,KLG_VE,KLG_IP,KLG_BP,KLG_AI,KLG_JP					
LA	TI	I	I-D	56	I-D-56	LA-TI-I-D-56	Relativt åpent dallandskap under skoggrensen med større innsjø og bebygde områder	Relatively open valley with larger lake with settlements	Relativt åpent dallandskap under skoggrensen med større innsjø og bebyggelse			KLG_RE-ID-KF-2				KLG_IP-3	KLG_BP-1		KLG_VE-1	KLG_AI-2		KLG_JP-1	110	0	KLG_RE-ID-KF,KLG_VE,KLG_IP,KLG_BP,KLG_AI,KLG_JP					
LA	TI	I	I-D	57	I-D-57	LA-TI-I-D-57	Relativt åpent dallandskap under skoggrensen med større innsjø med bebygde områder og jordbruksdominans	Relatively open valley with larger lake with settlements and agriculture	Relativt åpent dallandskap med større innsjø, bebyggelse og jordbruksdominans			KLG_RE-ID-KF-2				KLG_IP-3	KLG_BP-1		KLG_VE-1	KLG_AI-2		KLG_JP-2	111	0	KLG_RE-ID-KF,KLG_VE,KLG_IP,KLG_BP,KLG_AI,KLG_JP					
LA	TI	I	I-D	58	I-D-58	LA-TI-I-D-58	Relativt åpent dallandskap under skoggrensen med større innsjø og tett bebyggelse	Relatively open valley with larger lake with village	Relativt åpent dallandskap under skoggrensen med hei, større innsjø og tett bebyggelse			KLG_RE-ID-KF-2				KLG_IP-3	KLG_BP-1		KLG_VE-1	KLG_AI-3		KLG_JP-1	112	0	KLG_RE-ID-KF,KLG_VE,KLG_IP,KLG_BP,KLG_AI,KLG_JP					
LA	TI	I	I-D	59	I-D-59	LA-TI-I-D-59	Relativt åpent dallandskap med hei under skoggrensen med større innsjø	Relatively open lower mountain valley with larger lake	Relativt åpent dallandskap under skoggrensen med hei og større innsjø			KLG_RE-ID-KF-2				KLG_IP-3	KLG_BP-1		KLG_VE-2	KLG_AI-1		KLG_JP-1	113	1	KLG_RE-ID-KF,KLG_VE,KLG_IP,KLG_BP,KLG_AI,KLG_JP					
LA	TI	I	I-D	60	I-D-60	LA-TI-I-D-60	Relativt åpent dallandskap med hei under skoggrensen med større innsjø og bebygde områder	Relatively open lower mountain valley with larger lake with settlements	Relativt åpent dallandskap i fjellet med hei, større innsjø og bebyggelse			KLG_RE-ID-KF-2				KLG_IP-3	KLG_BP-1		KLG_VE-2	KLG_AI-2		KLG_JP-1	114	0	KLG_RE-ID-KF,KLG_VE,KLG_IP,KLG_BP,KLG_AI,KLG_JP					
LA	TI	I	I-D	61	I-D-61	LA-TI-I-D-61	Relativt åpent dallandskap med hei over skoggrensen med større innsjø	Relatively open mountain valley with larger lake	Relativt åpent dallandskap i fjellet med hei og større innsjø			KLG_RE-ID-KF-2				KLG_IP-3	KLG_BP-1		KLG_VE-3	KLG_AI-1		KLG_JP-1	115	1	KLG_RE-ID-KF,KLG_VE,KLG_IP,KLG_BP,KLG_AI,KLG_JP					
LA	TI	I	I-D	62	I-D-62	LA-TI-I-D-62	Relativt åpent dallandskap med hei over skoggrensen med større innsjø og bebygde områder	Relatively open mountain valley with larger lake with settlements	Relativt åpent dallandskap i fjellet med bart fjell, større innsjø og bebyggelse			KLG_RE-ID-KF-2				KLG_IP-3	KLG_BP-1		KLG_VE-3	KLG_AI-2		KLG_JP-1	116	0	KLG_RE-ID-KF,KLG_VE,KLG_IP,KLG_BP,KLG_AI,KLG_JP					
LA	TI	I	I-D	63	I-D-63	LA-TI-I-D-63	Relativt åpent dallandskap med bart fjell over skoggrensen med større innsjø	Relatively open barren mountain valley with larger lake	Relativt åpent dallandskap i fjellet med bart fjell og større innsjø			KLG_RE-ID-KF-2				KLG_IP-3	KLG_BP-1		KLG_VE-4	KLG_AI-1		KLG_JP-1	117	1	KLG_RE-ID-KF,KLG_VE,KLG_IP,KLG_BP,KLG_AI,KLG_JP					
LA	TI	I	I-D	64	I-D-64	LA-TI-I-D-64	Relativt åpent dallandskap med bart fjell over skoggrensen med større innsjø dominert av isbre	Relatively open barren mountain valley with larger lake with glacier	Relativt åpent dallandskap dominert av isbre med større innsjø			KLG_RE-ID-KF-2				KLG_IP-3	KLG_BP-2		KLG_VE-4	KLG_AI-1		KLG_JP-1	118	1	KLG_RE-ID-KF,KLG_VE,KLG_IP,KLG_BP,KLG_AI,KLG_JP					
LA	TI	I	I-D	65	I-D-65	LA-TI-I-D-65	Nedskåret dallandskap under skoggrensen	Steep sided valley	Nedskåret dallandskap under skoggrensen			KLG_RE-ID-KF-3				KLG_IP-1	KLG_BP-1		KLG_VE-1	KLG_AI-1		KLG_JP-1	119	1	KLG_RE-ID-KF,KLG_VE,KLG_IP,KLG_BP,KLG_AI,KLG_JP					
LA	TI	I	I-D	66	I-D-66	LA-TI-I-D-66	Nedskåret dallandskap under skoggrensen med jordbruksdominans	Steep sided valley and agriculture	Nedskåret dallandskap med jordbruksdominans			KLG_RE-ID-KF-3				KLG_IP-1	KLG_BP-1		KLG_VE-1	KLG_AI-1		KLG_JP-2	120	1	KLG_RE-ID-KF,KLG_VE,KLG_IP,KLG_BP,KLG_AI,KLG_JP					
LA	TI	I	I-D	67	I-D-67	LA-TI-I-D-67	Nedskåret dallandskap under skoggrensen med bebygde områder	Steep sided valley with settlements	Nedskåret dallandskap under skoggrensen med bebyggelse			KLG_RE-ID-KF-3				KLG_IP-1	KLG_BP-1		KLG_VE-1	KLG_AI-2		KLG_JP-1	121	0	KLG_RE-ID-KF,KLG_VE,KLG_IP,KLG_BP,KLG_AI,KLG_JP					
LA	TI	I	I-D	68	I-D-68	LA-TI-I-D-68	Nedskåret dallandskap under skoggrensen med bebygde områder og jordbruksdominans	Steep sided valley with settlements and agriculture	Nedskåret dallandskap med bebyggelse og jordbruksdominans			KLG_RE-ID-KF-3				KLG_IP-1	KLG_BP-1		KLG_VE-1	KLG_AI-2		KLG_JP-2	122	0	KLG_RE-ID-KF,KLG_VE,KLG_IP,KLG_BP,KLG_AI,KLG_JP					
LA	TI	I	I-D	69	I-D-69	LA-TI-I-D-69	Nedskåret dallandskap under skoggrensen med tett bebyggelse	Steep sided valley with village	Nedskåret dallandskap med tett bebyggelse			KLG_RE-ID-KF-3				KLG_IP-1	KLG_BP-1		KLG_VE-1	KLG_AI-3		KLG_JP-1	123	0	KLG_RE-ID-KF,KLG_VE,KLG_IP,KLG_BP,KLG_AI,KLG_JP					
LA	TI	I	I-D	70	I-D-70	LA-TI-I-D-70	Nedskåret dallandskap med hei under skoggrensen	Steep sided lower mountain valley	Nedskåret dallandskap under skoggrensen med hei			KLG_RE-ID-KF-3				KLG_IP-1	KLG_BP-1		KLG_VE-2	KLG_AI-1		KLG_JP-1	124	1	KLG_RE-ID-KF,KLG_VE,KLG_IP,KLG_BP,KLG_AI,KLG_JP					
LA	TI	I	I-D	71	I-D-71	LA-TI-I-D-71	Nedskåret dallandskap med hei under skoggrensen med bebygde områder	Steep sided lower mountain valley with settlements	Nedskåret dallandskap i fjellet med hei og bebyggelse			KLG_RE-ID-KF-3				KLG_IP-1	KLG_BP-1		KLG_VE-2	KLG_AI-2		KLG_JP-1	125	0	KLG_RE-ID-KF,KLG_VE,KLG_IP,KLG_BP,KLG_AI,KLG_JP					
LA	TI	I	I-D	72	I-D-72	LA-TI-I-D-72	Nedskåret dallandskap med hei over skoggrensen	Steep sided mountain valley	Nedskåret dallandskap i fjellet med hei			KLG_RE-ID-KF-3				KLG_IP-1	KLG_BP-1		KLG_VE-3	KLG_AI-1		KLG_JP-1	126	1	KLG_RE-ID-KF,KLG_VE,KLG_IP,KLG_BP,KLG_AI,KLG_JP					
LA	TI	I	I-D	73	I-D-73	LA-TI-I-D-73	Nedskåret dallandskap med bart fjell over skoggrensen	Steep sided barren mountain valley	Nedskåret dallandskap i fjellet med bart fjell			KLG_RE-ID-KF-3				KLG_IP-1	KLG_BP-1		KLG_VE-4	KLG_AI-1		KLG_JP-1	127	1	KLG_RE-ID-KF,KLG_VE,KLG_IP,KLG_BP,KLG_AI,KLG_JP					
LA	TI	I	I-D	74	I-D-74	LA-TI-I-D-74	Nedskåret dallandskap med bart fjell over skoggrensen med bebygde områder	Steep sided barren mountain valley with settlements	Nedskåret dallandskap i fjellet med bart fjell og bebyggelse			KLG_RE-ID-KF-3				KLG_IP-1	KLG_BP-1		KLG_VE-4	KLG_AI-2		KLG_JP-1	128	0	KLG_RE-ID-KF,KLG_VE,KLG_IP,KLG_BP,KLG_AI,KLG_JP					
LA	TI	I	I-D	75	I-D-75	LA-TI-I-D-75	Nedskåret dallandskap med bart fjell over skoggrensen dominert av isbre	Steep sided barren mountain valley with glacier	Nedskåret dallandskap dominert av isbre			KLG_RE-ID-KF-3				KLG_IP-1	KLG_BP-2		KLG_VE-4	KLG_AI-1		KLG_JP-1	129	1	KLG_RE-ID-KF,KLG_VE,KLG_IP,KLG_BP,KLG_AI,KLG_JP					
LA	TI	I	I-D	76	I-D-76	LA-TI-I-D-76	Nedskåret dallandskap under skoggrensen med innsjø	Steep sided valley with lake	Nedskåret dallandskap under skoggrensen med innsjø			KLG_RE-ID-KF-3				KLG_IP-2	KLG_BP-1		KLG_VE-1	KLG_AI-1		KLG_JP-1	130	1	KLG_RE-ID-KF,KLG_VE,KLG_IP,KLG_BP,KLG_AI,KLG_JP					
LA	TI	I	I-D	77	I-D-77	LA-TI-I-D-77	Nedskåret dallandskap under skoggrensen med innsjø og bebygde områder	Steep sided valley with lake with settlements	Nedskåret dallandskap under skoggrensen med innsjø og bebyggelse			KLG_RE-ID-KF-3				KLG_IP-2	KLG_BP-1		KLG_VE-1	KLG_AI-2		KLG_JP-1	131	0	KLG_RE-ID-KF,KLG_VE,KLG_IP,KLG_BP,KLG_AI,KLG_JP					
LA	TI	I	I-D	78	I-D-78	LA-TI-I-D-78	Nedskåret dallandskap under skoggrensen med innsjø og tett bebyggelse	Steep sided valley with lake with village	Nedskåret dallandskap  under skoggrensen med hei, innsjø og tett bebyggelse			KLG_RE-ID-KF-3				KLG_IP-2	KLG_BP-1		KLG_VE-1	KLG_AI-3		KLG_JP-1	132	0	KLG_RE-ID-KF,KLG_VE,KLG_IP,KLG_BP,KLG_AI,KLG_JP					
LA	TI	I	I-D	79	I-D-79	LA-TI-I-D-79	Nedskåret dallandskap med hei under skoggrensen med innsjø	Steep sided lower mountain valley with lake	Nedskåret dallandskap under skoggrensen med hei og innsjø			KLG_RE-ID-KF-3				KLG_IP-2	KLG_BP-1		KLG_VE-2	KLG_AI-1		KLG_JP-1	133	1	KLG_RE-ID-KF,KLG_VE,KLG_IP,KLG_BP,KLG_AI,KLG_JP					
LA	TI	I	I-D	80	I-D-80	LA-TI-I-D-80	Nedskåret dallandskap med hei under skoggrensen med innsjø og bebygde områder	Steep sided lower mountain valley with lake with settlements	Nedskåret dallandskap i fjellet med hei, innsjø og bebyggelse			KLG_RE-ID-KF-3				KLG_IP-2	KLG_BP-1		KLG_VE-2	KLG_AI-2		KLG_JP-1	134	0	KLG_RE-ID-KF,KLG_VE,KLG_IP,KLG_BP,KLG_AI,KLG_JP					
LA	TI	I	I-D	81	I-D-81	LA-TI-I-D-81	Nedskåret dallandskap med hei over skoggrensen med innsjø	Steep sided mountain valley with lake	Nedskåret dallandskap i fjellet med hei og innsjø			KLG_RE-ID-KF-3				KLG_IP-2	KLG_BP-1		KLG_VE-3	KLG_AI-1		KLG_JP-1	135	1	KLG_RE-ID-KF,KLG_VE,KLG_IP,KLG_BP,KLG_AI,KLG_JP					
LA	TI	I	I-D	82	I-D-82	LA-TI-I-D-82	Nedskåret dallandskap med bart fjell over skoggrensen med innsjø	Steep sided barren mountain valley with lake	Nedskåret dallandskap i fjellet med bart fjell og innsjø			KLG_RE-ID-KF-3				KLG_IP-2	KLG_BP-1		KLG_VE-4	KLG_AI-1		KLG_JP-1	136	1	KLG_RE-ID-KF,KLG_VE,KLG_IP,KLG_BP,KLG_AI,KLG_JP					
LA	TI	I	I-D	83	I-D-83	LA-TI-I-D-83	Nedskåret dallandskap med bart fjell over skoggrensen med innsjø dominert av isbre	Steep sided barren mountain valley with lake with glacier	Nedskåret dallandskap dominert av isbre med innsjø			KLG_RE-ID-KF-3				KLG_IP-2	KLG_BP-2		KLG_VE-4	KLG_AI-1		KLG_JP-1	137	1	KLG_RE-ID-KF,KLG_VE,KLG_IP,KLG_BP,KLG_AI,KLG_JP					
LA	TI	I	I-D	84	I-D-84	LA-TI-I-D-84	Nedskåret dallandskap under skoggrensen med større innsjø	Steep sided valley with larger lake	Nedskåret dallandskap under skoggrensen med større innsjø			KLG_RE-ID-KF-3				KLG_IP-3	KLG_BP-1		KLG_VE-1	KLG_AI-1		KLG_JP-1	138	1	KLG_RE-ID-KF,KLG_VE,KLG_IP,KLG_BP,KLG_AI,KLG_JP					
LA	TI	I	I-D	85	I-D-85	LA-TI-I-D-85	Nedskåret dallandskap under skoggrensen med større innsjø og bebygde områder	Steep sided valley with larger lake with settlements	Nedskåret dallandskap under skoggrensen med større innsjø og bebyggelse			KLG_RE-ID-KF-3				KLG_IP-3	KLG_BP-1		KLG_VE-1	KLG_AI-2		KLG_JP-1	139	0	KLG_RE-ID-KF,KLG_VE,KLG_IP,KLG_BP,KLG_AI,KLG_JP					
LA	TI	I	I-D	86	I-D-86	LA-TI-I-D-86	Nedskåret dallandskap under skoggrensen med større innsjø med bebygde områder og jordbruksdominans	Steep sided valley with larger lake with settlements and agriculture	Nedskåret dallandskap med hei, større innsjø, bebyggelse og jordbruksdominans			KLG_RE-ID-KF-3				KLG_IP-3	KLG_BP-1		KLG_VE-1	KLG_AI-2		KLG_JP-2	140	0	KLG_RE-ID-KF,KLG_VE,KLG_IP,KLG_BP,KLG_AI,KLG_JP					
LA	TI	I	I-D	87	I-D-87	LA-TI-I-D-87	Nedskåret dallandskap med hei under skoggrensen med større innsjø	Steep sided lower mountain valley with larger lake	Nedskåret dallandskap i fjellet med hei og større innsjø			KLG_RE-ID-KF-3				KLG_IP-3	KLG_BP-1		KLG_VE-2	KLG_AI-1		KLG_JP-1	141	1	KLG_RE-ID-KF,KLG_VE,KLG_IP,KLG_BP,KLG_AI,KLG_JP					
LA	TI	I	I-D	88	I-D-88	LA-TI-I-D-88	Nedskåret dallandskap med hei over skoggrensen med større innsjø	Steep sided mountain valley with larger lake	Nedskåret dallandskap i fjellet med bart fjell og større innsjø			KLG_RE-ID-KF-3				KLG_IP-3	KLG_BP-1		KLG_VE-3	KLG_AI-1		KLG_JP-1	142	1	KLG_RE-ID-KF,KLG_VE,KLG_IP,KLG_BP,KLG_AI,KLG_JP					
LA	TI	I	I-D	89	I-D-89	LA-TI-I-D-89	Nedskåret dallandskap med bart fjell over skoggrensen med større innsjø	Steep sided barren mountain valley with larger lake	Nedskåret dallandskap i fjellet med større innsjø			KLG_RE-ID-KF-3				KLG_IP-3	KLG_BP-1		KLG_VE-4	KLG_AI-1		KLG_JP-1	143	1	KLG_RE-ID-KF,KLG_VE,KLG_IP,KLG_BP,KLG_AI,KLG_JP					
LA	TI	I	I-D	90	I-D-90	LA-TI-I-D-90	Dypt nedskåret dallandskap under skoggrensen	Narrow and steep sided valley	Dypt nedskåret dallandskap under skoggrensen			KLG_RE-ID-KF-4				KLG_IP-1	KLG_BP-1		KLG_VE-1	KLG_AI-1		KLG_JP-1	144	1	KLG_RE-ID-KF,KLG_VE,KLG_IP,KLG_BP,KLG_AI,KLG_JP					
LA	TI	I	I-D	91	I-D-91	LA-TI-I-D-91	Dypt nedskåret dallandskap under skoggrensen med bebygde områder	Narrow and steep sided valley with settlements	Dypt nedskåret dallandskap under skoggrensen med bebyggelse			KLG_RE-ID-KF-4				KLG_IP-1	KLG_BP-1		KLG_VE-1	KLG_AI-2		KLG_JP-1	145	0	KLG_RE-ID-KF,KLG_VE,KLG_IP,KLG_BP,KLG_AI,KLG_JP					
LA	TI	I	I-D	92	I-D-92	LA-TI-I-D-92	Dypt nedskåret dallandskap under skoggrensen med tett bebyggelse	Narrow and steep sided valley with village	Dypt nedskåret dallandskap under skoggrensen med tett bebyggelse			KLG_RE-ID-KF-4				KLG_IP-1	KLG_BP-1		KLG_VE-1	KLG_AI-3		KLG_JP-1	146	0	KLG_RE-ID-KF,KLG_VE,KLG_IP,KLG_BP,KLG_AI,KLG_JP					
LA	TI	I	I-D	93	I-D-93	LA-TI-I-D-93	Dypt nedskåret dallandskap med hei under skoggrensen	Narrow and steep sided lower mountain valley	Dypt nedskåret dallandskap under skoggrensen med hei			KLG_RE-ID-KF-4				KLG_IP-1	KLG_BP-1		KLG_VE-2	KLG_AI-1		KLG_JP-1	147	1	KLG_RE-ID-KF,KLG_VE,KLG_IP,KLG_BP,KLG_AI,KLG_JP					
LA	TI	I	I-D	94	I-D-94	LA-TI-I-D-94	Dypt nedskåret dallandskap med hei under skoggrensen med bebygde områder	Narrow and steep sided lower mountain valley with settlements	Dypt nedskåret dallandskap i fjellet med hei og bebyggelse			KLG_RE-ID-KF-4				KLG_IP-1	KLG_BP-1		KLG_VE-2	KLG_AI-2		KLG_JP-1	148	0	KLG_RE-ID-KF,KLG_VE,KLG_IP,KLG_BP,KLG_AI,KLG_JP					
LA	TI	I	I-D	95	I-D-95	LA-TI-I-D-95	Dypt nedskåret dallandskap med hei over skoggrensen	Narrow and steep sided mountain valley	Dypt nedskåret dallandskap i fjellet med hei			KLG_RE-ID-KF-4				KLG_IP-1	KLG_BP-1		KLG_VE-3	KLG_AI-1		KLG_JP-1	149	1	KLG_RE-ID-KF,KLG_VE,KLG_IP,KLG_BP,KLG_AI,KLG_JP					
LA	TI	I	I-D	96	I-D-96	LA-TI-I-D-96	Dypt nedskåret dallandskap med bart fjell over skoggrensen	Narrow and steep sided barren mountain valley	Dypt nedskåret dallandskap i fjellet med bart fjell			KLG_RE-ID-KF-4				KLG_IP-1	KLG_BP-1		KLG_VE-4	KLG_AI-1		KLG_JP-1	150	1	KLG_RE-ID-KF,KLG_VE,KLG_IP,KLG_BP,KLG_AI,KLG_JP					
LA	TI	I	I-D	97	I-D-97	LA-TI-I-D-97	Dypt nedskåret dallandskap med bart fjell over skoggrensen dominert av isbre	Narrow and steep sided barren mountain valley with glacier	Dypt nedskåret dallandskap dominert av isbre			KLG_RE-ID-KF-4				KLG_IP-1	KLG_BP-2		KLG_VE-4	KLG_AI-1		KLG_JP-1	151	1	KLG_RE-ID-KF,KLG_VE,KLG_IP,KLG_BP,KLG_AI,KLG_JP					
LA	TI	I	I-D	98	I-D-98	LA-TI-I-D-98	Dypt nedskåret dallandskap under skoggrensen med innsjø	Narrow and steep sided valley with lake	Dypt nedskåret dallandskap under skoggrensen med innsjø			KLG_RE-ID-KF-4				KLG_IP-2	KLG_BP-1		KLG_VE-1	KLG_AI-1		KLG_JP-1	152	1	KLG_RE-ID-KF,KLG_VE,KLG_IP,KLG_BP,KLG_AI,KLG_JP					
LA	TI	I	I-D	99	I-D-99	LA-TI-I-D-99	Dypt nedskåret dallandskap under skoggrensen med innsjø og bebygde områder	Narrow and steep sided valley with lake with settlements	Dypt nedskåret dallandskap i fjellet med bart fjell, innsjø og bebyggelse			KLG_RE-ID-KF-4				KLG_IP-2	KLG_BP-1		KLG_VE-1	KLG_AI-2		KLG_JP-1	153	0	KLG_RE-ID-KF,KLG_VE,KLG_IP,KLG_BP,KLG_AI,KLG_JP					
LA	TI	I	I-D	100	I-D-100	LA-TI-I-D-100	Dypt nedskåret dallandskap med bart fjell over skoggrensen med innsjø	Narrow and steep sided barren mountain valley with lake	Dypt nedskåret dallandskap i fjellet med bart fjell og innsjø			KLG_RE-ID-KF-4				KLG_IP-2	KLG_BP-1		KLG_VE-4	KLG_AI-1		KLG_JP-1	154	1	KLG_RE-ID-KF,KLG_VE,KLG_IP,KLG_BP,KLG_AI,KLG_JP					
LA	TI	I	I-D	101	I-D-101	LA-TI-I-D-101	Dypt nedskåret dallandskap under skoggrensen med større innsjø	Narrow and steep sided valley with larger lake	Dypt nedskåret dallandskap under skoggrensen med større innsjø			KLG_RE-ID-KF-4				KLG_IP-3	KLG_BP-1		KLG_VE-1	KLG_AI-1		KLG_JP-1	155	1	KLG_RE-ID-KF,KLG_VE,KLG_IP,KLG_BP,KLG_AI,KLG_JP					
LA	TI	I	I-D	102	I-D-102	LA-TI-I-D-102	Dypt nedskåret dallandskap under skoggrensen med større innsjø og bebygde områder	Narrow and steep sided valley with larger lake with settlements	Dypt nedskåret dallandskap under skoggrensen med større innsjø og bebyggelse			KLG_RE-ID-KF-4				KLG_IP-3	KLG_BP-1		KLG_VE-1	KLG_AI-2		KLG_JP-1	156	0	KLG_RE-ID-KF,KLG_VE,KLG_IP,KLG_BP,KLG_AI,KLG_JP					
LA	TI	I	I-D	103	I-D-103	LA-TI-I-D-103	Dypt nedskåret dallandskap med hei under skoggrensen med større innsjø	Narrow and steep sided lower mountain valley with larger lake	Dypt nedskåret dallandskap under skoggrensen med hei og større innsjø			KLG_RE-ID-KF-4				KLG_IP-3	KLG_BP-1		KLG_VE-2	KLG_AI-1		KLG_JP-1	157	1	KLG_RE-ID-KF,KLG_VE,KLG_IP,KLG_BP,KLG_AI,KLG_JP					
LA	TI	I	I-D	104	I-D-104	LA-TI-I-D-104	Dypt nedskåret dallandskap med bart fjell over skoggrensen med større innsjø	Narrow and steep sided barren mountain valley with larger lake	Dypt nedskåret dallandskap i fjellet med større innsjø			KLG_RE-ID-KF-4				KLG_IP-3	KLG_BP-1		KLG_VE-4	KLG_AI-1		KLG_JP-1	158	1	KLG_RE-ID-KF,KLG_VE,KLG_IP,KLG_BP,KLG_AI,KLG_JP					
LA	TI	I	I-S	1	I-S-1	LA-TI-I-S-1	Innlandsslettelandskap under skoggrensen	Inland undulating lowland plain	Innlandsslette under skoggrensen					KLG_KA-2			KLG_BP-1	KLG_VP-1	KLG_VE-1	KLG_AI-1		KLG_JP-1	159	1	KLG_KA,KLG_VE,KLG_VP,KLG_BP,KLG_AI,KLG_JP					
LA	TI	I	I-S	2	I-S-2	LA-TI-I-S-2	Innlandsslettelandskap under skoggrensen med jordbruksdominans	Inland undulating lowland plain with agriculture	Innlandsslette med jordbruksdominans					KLG_KA-2			KLG_BP-1	KLG_VP-1	KLG_VE-1	KLG_AI-1		KLG_JP-2	160	1	KLG_KA,KLG_VE,KLG_VP,KLG_BP,KLG_AI,KLG_JP					
LA	TI	I	I-S	3	I-S-3	LA-TI-I-S-3	Innlandsslettelandskap under skoggrensen med bebygde områder	Inland undulating lowland plain with settlements	Innlandsslette med bebyggelse					KLG_KA-2			KLG_BP-1	KLG_VP-1	KLG_VE-1	KLG_AI-2		KLG_JP-1	161	0	KLG_KA,KLG_VE,KLG_VP,KLG_BP,KLG_AI,KLG_JP					
LA	TI	I	I-S	4	I-S-4	LA-TI-I-S-4	Innlandsslettelandskap under skoggrensen med bebygde områder og jordbruksdominans	Inland undulating lowland plain with settlements and agriculture	Innlandsslette med bebyggelse og jordbruksdominans					KLG_KA-2			KLG_BP-1	KLG_VP-1	KLG_VE-1	KLG_AI-2		KLG_JP-2	162	0	KLG_KA,KLG_VE,KLG_VP,KLG_BP,KLG_AI,KLG_JP					
LA	TI	I	I-S	5	I-S-5	LA-TI-I-S-5	Innlandsslettelandskap under skoggrensen med tett bebyggelse	Inland undulating lowland plain with village	Innlandsslette med tett bebyggelse					KLG_KA-2			KLG_BP-1	KLG_VP-1	KLG_VE-1	KLG_AI-3		KLG_JP-1	163	0	KLG_KA,KLG_VE,KLG_VP,KLG_BP,KLG_AI,KLG_JP					
LA	TI	I	I-S	6	I-S-6	LA-TI-I-S-6	Innlandsslettelandskap under skoggrensen med tett bebyggelse  og jordbruksdominans	Inland undulating lowland plain with village and agriculture	Innlandsslette med tett bebyggelse  og jordbruksdominans					KLG_KA-2			KLG_BP-1	KLG_VP-1	KLG_VE-1	KLG_AI-3		KLG_JP-2	164	0	KLG_KA,KLG_VE,KLG_VP,KLG_BP,KLG_AI,KLG_JP					
LA	TI	I	I-S	7	I-S-7	LA-TI-I-S-7	Innlandsslettelandskap under skoggrensen med by	Inland undulating lowland plain with city	Innlandsslette med by					KLG_KA-2			KLG_BP-1	KLG_VP-1	KLG_VE-1	KLG_AI-4		KLG_JP-1	165	0	KLG_KA,KLG_VE,KLG_VP,KLG_BP,KLG_AI,KLG_JP					
LA	TI	I	I-S	8	I-S-8	LA-TI-I-S-8	Innlandsslettelandskap med hei under skoggrensen	Inland undulating lower mountain plain	Innlandsslette under skoggrensen med hei					KLG_KA-2			KLG_BP-1	KLG_VP-1	KLG_VE-2	KLG_AI-1		KLG_JP-1	166	1	KLG_KA,KLG_VE,KLG_VP,KLG_BP,KLG_AI,KLG_JP					
LA	TI	I	I-S	9	I-S-9	LA-TI-I-S-9	Innlandsslettelandskap med hei under skoggrensen med bebygde områder	Inland undulating lower mountain plain with settlements	Innlandsslette med hei og bebyggelse					KLG_KA-2			KLG_BP-1	KLG_VP-1	KLG_VE-2	KLG_AI-2		KLG_JP-1	167	0	KLG_KA,KLG_VE,KLG_VP,KLG_BP,KLG_AI,KLG_JP					
LA	TI	I	I-S	10	I-S-10	LA-TI-I-S-10	Innlandsslettelandskap med hei over skoggrensen	Inland undulating mountain plain	Innlandsslette i fjellet med hei					KLG_KA-2			KLG_BP-1	KLG_VP-1	KLG_VE-3	KLG_AI-1		KLG_JP-1	168	1	KLG_KA,KLG_VE,KLG_VP,KLG_BP,KLG_AI,KLG_JP					
LA	TI	I	I-S	11	I-S-11	LA-TI-I-S-11	Innlandsslettelandskap med bart fjell over skoggrensen	Inland undulating barren mountain plain	Innlandsslette i fjellet med bart fjell					KLG_KA-2			KLG_BP-1	KLG_VP-1	KLG_VE-4	KLG_AI-1		KLG_JP-1	169	1	KLG_KA,KLG_VE,KLG_VP,KLG_BP,KLG_AI,KLG_JP					
LA	TI	I	I-S	12	I-S-12	LA-TI-I-S-12	Innlandsslettelandskap med bart fjell over skoggrensen dominert av isbre	Inland undulating barren mountain plain with glacier	Innlandsslette dominert av isbre					KLG_KA-2			KLG_BP-2	KLG_VP-1	KLG_VE-4	KLG_AI-1		KLG_JP-1	170	1	KLG_KA,KLG_VE,KLG_VP,KLG_BP,KLG_AI,KLG_JP					
LA	TI	I	I-S	13	I-S-13	LA-TI-I-S-13	Innlandsslettelandskap under skoggrensen med høyt våtmarkspreg	Inland undulating lowland plain with wetlands	Innlandsslette under skoggrensen med høyt våtmarkspreg					KLG_KA-2			KLG_BP-1	KLG_VP-2	KLG_VE-1	KLG_AI-1		KLG_JP-1	171	1	KLG_KA,KLG_VE,KLG_VP,KLG_BP,KLG_AI,KLG_JP					
LA	TI	I	I-S	14	I-S-14	LA-TI-I-S-14	Innlandsslettelandskap under skoggrensen med høyt våtmarkspreg og bebygde områder	Inland undulating lowland plain with wetlands and settlements	Innlandsslette med høyt våtmarkspreg og bebyggelse					KLG_KA-2			KLG_BP-1	KLG_VP-2	KLG_VE-1	KLG_AI-2		KLG_JP-1	172	0	KLG_KA,KLG_VE,KLG_VP,KLG_BP,KLG_AI,KLG_JP					
LA	TI	I	I-S	15	I-S-15	LA-TI-I-S-15	Innlandsslettelandskap under skoggrensen med høyt våtmarkspreg, bebygde områder og jordbruksdominans	Inland undulating lowland plain with wetlands and settlements and agriculture	Innlandsslette med høyt våtmarkspreg, bebyggelse og jordbruksdominans					KLG_KA-2			KLG_BP-1	KLG_VP-2	KLG_VE-1	KLG_AI-2		KLG_JP-2	173	0	KLG_KA,KLG_VE,KLG_VP,KLG_BP,KLG_AI,KLG_JP					
LA	TI	I	I-S	16	I-S-16	LA-TI-I-S-16	Innlandsslettelandskap under skoggrensen med høyt våtmarkspreg og tett bebyggelse	Inland undulating lowland plain with wetlands and village	Innlandsslette med høyt våtmarkspreg og tett bebyggelse					KLG_KA-2			KLG_BP-1	KLG_VP-2	KLG_VE-1	KLG_AI-3		KLG_JP-1	174	0	KLG_KA,KLG_VE,KLG_VP,KLG_BP,KLG_AI,KLG_JP					
LA	TI	I	I-S	17	I-S-17	LA-TI-I-S-17	Innlandsslettelandskap med hei under skoggrensen med høyt våtmarkspreg	Inland undulating lower mountain plain with wetlands	Innlandsslette under skoggrensen med hei og høyt våtmarkspreg					KLG_KA-2			KLG_BP-1	KLG_VP-2	KLG_VE-2	KLG_AI-1		KLG_JP-1	175	1	KLG_KA,KLG_VE,KLG_VP,KLG_BP,KLG_AI,KLG_JP					
LA	TI	I	I-S	18	I-S-18	LA-TI-I-S-18	Innlandsslettelandskap med hei over skoggrensen med høyt våtmarkspreg	Inland undulating mountain plain with wetlands	Innlandsslette i fjellet med hei og høyt våtmarkspreg					KLG_KA-2			KLG_BP-1	KLG_VP-2	KLG_VE-3	KLG_AI-1		KLG_JP-1	176	1	KLG_KA,KLG_VE,KLG_VP,KLG_BP,KLG_AI,KLG_JP					
LA	TI	I	I-S	19	I-S-19	LA-TI-I-S-19	Innlandsslettelandskap med bart fjell over skoggrensen med høyt våtmarkspreg	Inland undulating barren mountain plain with wetlands	Innlandsslette i fjellet med bart fjell og høyt våtmarkspreg					KLG_KA-2			KLG_BP-1	KLG_VP-2	KLG_VE-4	KLG_AI-1		KLG_JP-1	177	1	KLG_KA,KLG_VE,KLG_VP,KLG_BP,KLG_AI,KLG_JP					
LA	TI	I	I-S	20	I-S-20	LA-TI-I-S-20	Kystnært innlandsslettelandskap under skoggrensen	Coast-near undulating lowland plain	Kystnær innlandsslette under skoggrensen					KLG_KA-1			KLG_BP-1	KLG_VP-1	KLG_VE-1	KLG_AI-1		KLG_JP-1	178	1	KLG_KA,KLG_VE,KLG_VP,KLG_BP,KLG_AI,KLG_JP					
LA	TI	I	I-S	21	I-S-21	LA-TI-I-S-21	Kystnært innlandsslettelandskap under skoggrensen med bebygde områder	Coast-near undulating lowland plain with settlements	Kystnær innlandsslette med bebyggelse					KLG_KA-1			KLG_BP-1	KLG_VP-1	KLG_VE-1	KLG_AI-2		KLG_JP-1	179	0	KLG_KA,KLG_VE,KLG_VP,KLG_BP,KLG_AI,KLG_JP					
LA	TI	I	I-S	22	I-S-22	LA-TI-I-S-22	Kystnært innlandsslettelandskap under skoggrensen med bebygde områder og jordbruksdominans	Coast-near undulating lowland plain with settlements and agriculture	Kystnær innlandsslette med bebyggelse og jordbruksdominans					KLG_KA-1			KLG_BP-1	KLG_VP-1	KLG_VE-1	KLG_AI-2		KLG_JP-2	180	0	KLG_KA,KLG_VE,KLG_VP,KLG_BP,KLG_AI,KLG_JP					
LA	TI	I	I-S	23	I-S-23	LA-TI-I-S-23	Kystnært innlandsslettelandskap under skoggrensen med tett bebyggelse	Coast-near undulating lowland plain with village	Kystnær innlandsslette med tett bebyggelse					KLG_KA-1			KLG_BP-1	KLG_VP-1	KLG_VE-1	KLG_AI-3		KLG_JP-1	181	0	KLG_KA,KLG_VE,KLG_VP,KLG_BP,KLG_AI,KLG_JP					
LA	TI	I	I-S	24	I-S-24	LA-TI-I-S-24	Kystnært innlandsslettelandskap under skoggrensen med tett bebyggelse  og jordbruksdominans	Coast-near undulating lowland plain with village and agriculture	Kystnær innlandsslette med tett bebyggelse  og jordbruksdominans					KLG_KA-1			KLG_BP-1	KLG_VP-1	KLG_VE-1	KLG_AI-3		KLG_JP-2	182	0	KLG_KA,KLG_VE,KLG_VP,KLG_BP,KLG_AI,KLG_JP					
LA	TI	I	I-S	25	I-S-25	LA-TI-I-S-25	Kystnært innlandsslettelandskap under skoggrensen med by	Coast-near undulating lowland plain with city	Kystnær innlandsslette med by					KLG_KA-1			KLG_BP-1	KLG_VP-1	KLG_VE-1	KLG_AI-4		KLG_JP-1	183	0	KLG_KA,KLG_VE,KLG_VP,KLG_BP,KLG_AI,KLG_JP					
LA	TI	I	I-S	26	I-S-26	LA-TI-I-S-26	Kystnært innlandsslettelandskap med hei under skoggrensen	Coast-near undulating lower mountain plain	Kystnær innlandsslette under skoggrensen med hei					KLG_KA-1			KLG_BP-1	KLG_VP-1	KLG_VE-2	KLG_AI-1		KLG_JP-1	184	1	KLG_KA,KLG_VE,KLG_VP,KLG_BP,KLG_AI,KLG_JP					
LA	TI	I	I-S	27	I-S-27	LA-TI-I-S-27	Kystnært innlandsslettelandskap med hei over skoggrensen	Coast-near undulating mountain plain	Kystnær innlandsslette i fjellet med hei					KLG_KA-1			KLG_BP-1	KLG_VP-1	KLG_VE-3	KLG_AI-1		KLG_JP-1	185	1	KLG_KA,KLG_VE,KLG_VP,KLG_BP,KLG_AI,KLG_JP					
LA	TI	I	I-S	28	I-S-28	LA-TI-I-S-28	Kystnært innlandsslettelandskap med bart fjell over skoggrensen	Coast-near undulating barren mountain plain	Kystnær innlandsslette i fjellet med bart fjell					KLG_KA-1			KLG_BP-1	KLG_VP-1	KLG_VE-4	KLG_AI-1		KLG_JP-1	186	1	KLG_KA,KLG_VE,KLG_VP,KLG_BP,KLG_AI,KLG_JP					
LA	TI	I	I-S	29	I-S-29	LA-TI-I-S-29	Kystnært innlandsslettelandskap med bart fjell over skoggrensen dominert av isbre	Coast-near undulating barren mountain plain with glacier	Kystnær innlandsslette dominert av isbre					KLG_KA-1			KLG_BP-2	KLG_VP-1	KLG_VE-4	KLG_AI-1		KLG_JP-1	187	1	KLG_KA,KLG_VE,KLG_VP,KLG_BP,KLG_AI,KLG_JP					
LA	TI	I	I-S	30	I-S-30	LA-TI-I-S-30	Kystnært innlandsslettelandskap under skoggrensen med høyt våtmarkspreg	Coast-near undulating lowland plain with wetlands	Kystnær innlandsslette under skoggrensen med høyt våtmarkspreg					KLG_KA-1			KLG_BP-1	KLG_VP-2	KLG_VE-1	KLG_AI-1		KLG_JP-1	188	1	KLG_KA,KLG_VE,KLG_VP,KLG_BP,KLG_AI,KLG_JP					
LA	TI	I	I-S	31	I-S-31	LA-TI-I-S-31	Kystnært innlandsslettelandskap under skoggrensen med høyt våtmarkspreg og jordbruksdominans	Coast-near undulating lowland plain with wetlands and agriculture	Kystnær innlandsslette med høyt våtmarkspreg og jordbruksdominans					KLG_KA-1			KLG_BP-1	KLG_VP-2	KLG_VE-1	KLG_AI-1		KLG_JP-2	189	1	KLG_KA,KLG_VE,KLG_VP,KLG_BP,KLG_AI,KLG_JP					
LA	TI	I	I-S	32	I-S-32	LA-TI-I-S-32	Kystnært innlandsslettelandskap under skoggrensen med høyt våtmarkspreg og bebygde områder	Coast-near undulating lowland plain with wetlands and settlements	Kystnær innlandsslette med høyt våtmarkspreg og bebyggelse					KLG_KA-1			KLG_BP-1	KLG_VP-2	KLG_VE-1	KLG_AI-2		KLG_JP-1	190	0	KLG_KA,KLG_VE,KLG_VP,KLG_BP,KLG_AI,KLG_JP					
LA	TI	I	I-S	33	I-S-33	LA-TI-I-S-33	Kystnært innlandsslettelandskap under skoggrensen med høyt våtmarkspreg , bebygde områder og jordbruksdominans	Coast-near undulating lowland plain with wetlands and settlements and agriculture	Kystnær innlandsslette med høyt våtmarkspreg, bebyggelse og jordbruksdominans					KLG_KA-1			KLG_BP-1	KLG_VP-2	KLG_VE-1	KLG_AI-2		KLG_JP-2	191	0	KLG_KA,KLG_VE,KLG_VP,KLG_BP,KLG_AI,KLG_JP					
LA	TI	I	I-S	34	I-S-34	LA-TI-I-S-34	Kystnært innlandsslettelandskap med hei under skoggrensen med høyt våtmarkspreg	Coast-near undulating lower mountain plain with wetlands	Kystnær innlandsslette under skoggrensen med hei og høyt våtmarkspreg					KLG_KA-1			KLG_BP-1	KLG_VP-2	KLG_VE-2	KLG_AI-1		KLG_JP-1	192	1	KLG_KA,KLG_VE,KLG_VP,KLG_BP,KLG_AI,KLG_JP					
LA	TI	I	I-S	35	I-S-35	LA-TI-I-S-35	Kystnært innlandsslettelandskap med hei over skoggrensen med høyt våtmarkspreg	Coast-near undulating mountain plain with wetlands	Kystnær innlandsslette i fjellet med hei og høyt våtmarkspreg					KLG_KA-1			KLG_BP-1	KLG_VP-2	KLG_VE-3	KLG_AI-1		KLG_JP-1	193	1	KLG_KA,KLG_VE,KLG_VP,KLG_BP,KLG_AI,KLG_JP					
LA	TI	I	I-S	36	I-S-36	LA-TI-I-S-36	Kystnært innlandsslettelandskap med bart fjell over skoggrensen med høyt våtmarkspreg	Coast-near undulating barren mountain plain with wetlands	Kystnær innlandsslette i fjellet med bart fjell og høyt våtmarkspreg					KLG_KA-1			KLG_BP-1	KLG_VP-2	KLG_VE-4	KLG_AI-1		KLG_JP-1	194	1	KLG_KA,KLG_VE,KLG_VP,KLG_BP,KLG_AI,KLG_JP					
LA	TI	K	K-F	1	K-F-1	LA-TI-K-F-1	Åpent fjordlandskap	Open fjord	Åpent fjordlandskap			KLG_RE-ID-KF-1						KLG_VP-1		KLG_AI-1		KLG_JP-1	195	1	KLG_RE-ID-KF,KLG_VP,KLG_AI,KLG_JP					
LA	TI	K	K-F	2	K-F-2	LA-TI-K-F-2	Åpent fjordlandskap med bebygde områder	Open fjord with settlements	Åpent fjordlandskap med bebyggelse			KLG_RE-ID-KF-1						KLG_VP-1		KLG_AI-2		KLG_JP-1	196	0	KLG_RE-ID-KF,KLG_VP,KLG_AI,KLG_JP					
LA	TI	K	K-F	3	K-F-3	LA-TI-K-F-3	Åpent fjordlandskap med bebygde områder og jorbruksdominans	Open fjord with settlements and agriculture	Åpent fjordlandskap med bebyggelse og jorbruksdominans			KLG_RE-ID-KF-1						KLG_VP-1		KLG_AI-2		KLG_JP-2	197	0	KLG_RE-ID-KF,KLG_VP,KLG_AI,KLG_JP					
LA	TI	K	K-F	4	K-F-4	LA-TI-K-F-4	Åpent fjordlandskap med tett bebyggelse	Open fjord with village	Åpent fjordlandskap med tett bebyggelse			KLG_RE-ID-KF-1						KLG_VP-1		KLG_AI-3		KLG_JP-1	198	0	KLG_RE-ID-KF,KLG_VP,KLG_AI,KLG_JP					
LA	TI	K	K-F	5	K-F-5	LA-TI-K-F-5	Åpent fjordlandskap med by	Open fjord with city	Åpent fjordlandskap med by			KLG_RE-ID-KF-1						KLG_VP-1		KLG_AI-4		KLG_JP-1	199	0	KLG_RE-ID-KF,KLG_VP,KLG_AI,KLG_JP					
LA	TI	K	K-F	6	K-F-6	LA-TI-K-F-6	Åpent fjordlandskap med høyt våtmarkspreg	Open fjord with wetlands	Åpent fjordlandskap med høyt våtmarkspreg			KLG_RE-ID-KF-1						KLG_VP-2		KLG_AI-1		KLG_JP-1	200	1	KLG_RE-ID-KF,KLG_VP,KLG_AI,KLG_JP					
LA	TI	K	K-F	7	K-F-7	LA-TI-K-F-7	Åpent fjordlandskap med høyt våtmarkspreg og bebygde områder	Open fjord with wetlands and settlements	Åpent fjordlandskap med høyt våtmarkspreg og bebyggelse			KLG_RE-ID-KF-1						KLG_VP-2		KLG_AI-2		KLG_JP-1	201	0	KLG_RE-ID-KF,KLG_VP,KLG_AI,KLG_JP					
LA	TI	K	K-F	8	K-F-8	LA-TI-K-F-8	Relativt åpent fjordlandskap	Relatively open fjord	Relativt åpent fjordlandskap			KLG_RE-ID-KF-2						KLG_VP-1		KLG_AI-1		KLG_JP-1	202	1	KLG_RE-ID-KF,KLG_VP,KLG_AI,KLG_JP					
LA	TI	K	K-F	9	K-F-9	LA-TI-K-F-9	Relativt åpent fjordlandskap med bebygde områder	Relatively open fjord with settlements	Relativt åpent fjordlandskap med bebyggelse			KLG_RE-ID-KF-2						KLG_VP-1		KLG_AI-2		KLG_JP-1	203	0	KLG_RE-ID-KF,KLG_VP,KLG_AI,KLG_JP					
LA	TI	K	K-F	10	K-F-10	LA-TI-K-F-10	Relativt åpent fjordlandskap med bebygde områder og jorbruksdominans	Relatively open fjord with settlements and agriculture	Relativt åpent fjordlandskap med bebyggelse og jorbruksdominans			KLG_RE-ID-KF-2						KLG_VP-1		KLG_AI-2		KLG_JP-2	204	0	KLG_RE-ID-KF,KLG_VP,KLG_AI,KLG_JP					
LA	TI	K	K-F	11	K-F-11	LA-TI-K-F-11	Relativt åpent fjordlandskap med tett bebyggelse	Relatively open fjord with village	Relativt åpent fjordlandskap med tett bebyggelse			KLG_RE-ID-KF-2						KLG_VP-1		KLG_AI-3		KLG_JP-1	205	0	KLG_RE-ID-KF,KLG_VP,KLG_AI,KLG_JP					
LA	TI	K	K-F	12	K-F-12	LA-TI-K-F-12	Relativt åpent fjordlandskap med tett bebyggelse  og jorbruksdominans	Relatively open fjord with village and agriculture	Relativt åpent fjordlandskap med tett bebyggelse  og jorbruksdominans			KLG_RE-ID-KF-2						KLG_VP-1		KLG_AI-3		KLG_JP-2	206	0	KLG_RE-ID-KF,KLG_VP,KLG_AI,KLG_JP					
LA	TI	K	K-F	13	K-F-13	LA-TI-K-F-13	Relativt åpent fjordlandskap med by	Relatively open fjord with city	Relativt åpent fjordlandskap med by			KLG_RE-ID-KF-2						KLG_VP-1		KLG_AI-4		KLG_JP-1	207	0	KLG_RE-ID-KF,KLG_VP,KLG_AI,KLG_JP					
LA	TI	K	K-F	14	K-F-14	LA-TI-K-F-14	Relativt åpent fjordlandskap med høyt våtmarkspreg	Relatively open fjord with wetlands	Relativt åpent fjordlandskap med høyt våtmarkspreg			KLG_RE-ID-KF-2						KLG_VP-2		KLG_AI-1		KLG_JP-1	208	1	KLG_RE-ID-KF,KLG_VP,KLG_AI,KLG_JP					
LA	TI	K	K-F	15	K-F-15	LA-TI-K-F-15	Relativt åpent fjordlandskap med høyt våtmarkspreg og bebygde områder	Relatively open fjord with wetlands and settlements	Relativt åpent fjordlandskap med høyt våtmarkspreg og bebyggelse			KLG_RE-ID-KF-2						KLG_VP-2		KLG_AI-2		KLG_JP-1	209	0	KLG_RE-ID-KF,KLG_VP,KLG_AI,KLG_JP					
LA	TI	K	K-F	16	K-F-16	LA-TI-K-F-16	Relativt åpent fjordlandskap med høyt våtmarkspreg og tett bebyggelse	Relatively open fjord with wetlands and village	Relativt åpent fjordlandskap med høyt våtmarkspreg og tett bebyggelse			KLG_RE-ID-KF-2						KLG_VP-2		KLG_AI-3		KLG_JP-1	210	0	KLG_RE-ID-KF,KLG_VP,KLG_AI,KLG_JP					
LA	TI	K	K-F	17	K-F-17	LA-TI-K-F-17	Nedskåret fjordlandskap	Steep sided fjord	Nedskåret fjordlandskap			KLG_RE-ID-KF-3						KLG_VP-1		KLG_AI-1		KLG_JP-1	211	1	KLG_RE-ID-KF,KLG_VP,KLG_AI,KLG_JP					
LA	TI	K	K-F	18	K-F-18	LA-TI-K-F-18	Nedskåret fjordlandskap med bebygde områder	Steep sided fjord with settlements	Nedskåret fjordlandskap med bebyggelse			KLG_RE-ID-KF-3						KLG_VP-1		KLG_AI-2		KLG_JP-1	212	0	KLG_RE-ID-KF,KLG_VP,KLG_AI,KLG_JP					
LA	TI	K	K-F	19	K-F-19	LA-TI-K-F-19	Nedskåret fjordlandskap med bebygde områder og jorbruksdominans	Steep sided fjord with settlements and agriculture	Nedskåret fjordlandskap med bebyggelse og jorbruksdominans			KLG_RE-ID-KF-3						KLG_VP-1		KLG_AI-2		KLG_JP-2	213	0	KLG_RE-ID-KF,KLG_VP,KLG_AI,KLG_JP					
LA	TI	K	K-F	20	K-F-20	LA-TI-K-F-20	Nedskåret fjordlandskap med tett bebyggelse	Steep sided fjord with village	Nedskåret fjordlandskap med tett bebyggelse			KLG_RE-ID-KF-3						KLG_VP-1		KLG_AI-3		KLG_JP-1	214	0	KLG_RE-ID-KF,KLG_VP,KLG_AI,KLG_JP					
LA	TI	K	K-F	21	K-F-21	LA-TI-K-F-21	Nedskåret fjordlandskap med tett bebyggelse  og jorbruksdominans	Steep sided fjord with village and agriculture	Nedskåret fjordlandskap med tett bebyggelse  og jorbruksdominans			KLG_RE-ID-KF-3						KLG_VP-1		KLG_AI-3		KLG_JP-2	215	0	KLG_RE-ID-KF,KLG_VP,KLG_AI,KLG_JP					
LA	TI	K	K-F	22	K-F-22	LA-TI-K-F-22	Nedskåret fjordlandskap med høyt våtmarkspreg	Steep sided fjord with wetlands	Nedskåret fjordlandskap med høyt våtmarkspreg			KLG_RE-ID-KF-3						KLG_VP-2		KLG_AI-1		KLG_JP-1	216	1	KLG_RE-ID-KF,KLG_VP,KLG_AI,KLG_JP					
LA	TI	K	K-F	23	K-F-23	LA-TI-K-F-23	Nedskåret fjordlandskap med høyt våtmarkspreg og bebygde områder	Steep sided fjord with wetlands and settlements	Nedskåret fjordlandskap med høyt våtmarkspreg og bebyggelse			KLG_RE-ID-KF-3						KLG_VP-2		KLG_AI-2		KLG_JP-1	217	0	KLG_RE-ID-KF,KLG_VP,KLG_AI,KLG_JP					
LA	TI	K	K-F	24	K-F-24	LA-TI-K-F-24	Dypt nedskåret fjordlandskap	Narrow and steep sided fjord	Dypt nedskåret fjordlandskap			KLG_RE-ID-KF-4						KLG_VP-1		KLG_AI-1		KLG_JP-1	218	1	KLG_RE-ID-KF,KLG_VP,KLG_AI,KLG_JP					
LA	TI	K	K-F	25	K-F-25	LA-TI-K-F-25	Dypt nedskåret fjordlandskap med bebygde områder	Narrow and steep sided fjord with settlements	Dypt nedskåret fjordlandskap med bebyggelse			KLG_RE-ID-KF-4						KLG_VP-1		KLG_AI-2		KLG_JP-1	219	0	KLG_RE-ID-KF,KLG_VP,KLG_AI,KLG_JP					
LA	TI	K	K-F	26	K-F-26	LA-TI-K-F-26	Dypt nedskåret fjordlandskap med tett bebyggelse	Narrow and steep sided fjord with village	Dypt nedskåret fjordlandskap med tett bebyggelse			KLG_RE-ID-KF-4						KLG_VP-1		KLG_AI-3		KLG_JP-1	220	0	KLG_RE-ID-KF,KLG_VP,KLG_AI,KLG_JP					
LA	TI	K	K-S	1	K-S-1	LA-TI-K-S-1	Skjermet indre kystslettelandskap	Protected inner coastal plain	Indre kystslette				KLG_RE-KS-1		KLG_IYK-1			KLG_VP-1			KLG_AI-KS-1	KLG_JP-1	221	1	KLG_IYK,KLG_RE-KS,KLG_VP,KLG_AI-KS,KLG_JP					
LA	TI	K	K-S	2	K-S-2	LA-TI-K-S-2	Skjermet indre kystslettelandskap med jordbruksdominans	Protected inner coastal plain with agriculture	Indre kystslette med jordbruksdominans				KLG_RE-KS-1		KLG_IYK-1			KLG_VP-1			KLG_AI-KS-1	KLG_JP-2	222	1	KLG_IYK,KLG_RE-KS,KLG_VP,KLG_AI-KS,KLG_JP					
LA	TI	K	K-S	3	K-S-3	LA-TI-K-S-3	Skjermet indre kystslettelandskap med tett bebyggelse	Protected inner coastal plain with village	Indre kystslette med tett bebyggelse				KLG_RE-KS-1		KLG_IYK-1			KLG_VP-1			KLG_AI-KS-2	KLG_JP-1	223	0	KLG_IYK,KLG_RE-KS,KLG_VP,KLG_AI-KS,KLG_JP					
LA	TI	K	K-S	4	K-S-4	LA-TI-K-S-4	Skjermet indre kystslettelandskap med tett bebyggelse  og jordbruksdominans	Protected inner coastal plain with village and agriculture	Indre kystslette med tett bebyggelse  og jordbruksdominans				KLG_RE-KS-1		KLG_IYK-1			KLG_VP-1			KLG_AI-KS-2	KLG_JP-2	224	0	KLG_IYK,KLG_RE-KS,KLG_VP,KLG_AI-KS,KLG_JP					
LA	TI	K	K-S	5	K-S-5	LA-TI-K-S-5	Skjermet indre kystslettelandskap med by	Protected inner coastal plain with city	Indre kystslette med by				KLG_RE-KS-1		KLG_IYK-1			KLG_VP-1			KLG_AI-KS-3	KLG_JP-1	225	0	KLG_IYK,KLG_RE-KS,KLG_VP,KLG_AI-KS,KLG_JP					
LA	TI	K	K-S	6	K-S-6	LA-TI-K-S-6	Skjermet indre kystslettelandskap med høyt våtmarkspreg	Protected inner coastal plain with wetland	Indre kystslette med høyt våtmarkspreg				KLG_RE-KS-1		KLG_IYK-1			KLG_VP-2			KLG_AI-KS-1	KLG_JP-1	226	1	KLG_IYK,KLG_RE-KS,KLG_VP,KLG_AI-KS,KLG_JP					
LA	TI	K	K-S	7	K-S-7	LA-TI-K-S-7	Skjermet indre kystslettelandskap med høyt våtmarkspreg og jordbruksdominans	Protected inner coastal plain with wetland and agriculture	Indre kystslette med høyt våtmarkspreg og jordbruksdominans				KLG_RE-KS-1		KLG_IYK-1			KLG_VP-2			KLG_AI-KS-1	KLG_JP-2	227	1	KLG_IYK,KLG_RE-KS,KLG_VP,KLG_AI-KS,KLG_JP					
LA	TI	K	K-S	8	K-S-8	LA-TI-K-S-8	Skjermet indre kystslettelandskap med høyt våtmarkspreg med tett bebyggelse	Protected inner coastal plain with wetland with village	Indre kystslette med høyt våtmarkspreg og tett bebyggelse				KLG_RE-KS-1		KLG_IYK-1			KLG_VP-2			KLG_AI-KS-2	KLG_JP-1	228	0	KLG_IYK,KLG_RE-KS,KLG_VP,KLG_AI-KS,KLG_JP					
LA	TI	K	K-S	9	K-S-9	LA-TI-K-S-9	Skjermet indre slakt til småkupert kystslettelandskap	Protected inner undulating coastal plain	Indre småkupert kystslette				KLG_RE-KS-2		KLG_IYK-1			KLG_VP-1			KLG_AI-KS-1	KLG_JP-1	229	1	KLG_IYK,KLG_RE-KS,KLG_VP,KLG_AI-KS,KLG_JP					
LA	TI	K	K-S	10	K-S-10	LA-TI-K-S-10	Skjermet indre slakt til småkupert kystslettelandskap med jordbruksdominans	Protected inner undulating coastal plain with agriculture	Indre småkupert kystslette med jordbruksdominans				KLG_RE-KS-2		KLG_IYK-1			KLG_VP-1			KLG_AI-KS-1	KLG_JP-2	230	1	KLG_IYK,KLG_RE-KS,KLG_VP,KLG_AI-KS,KLG_JP					
LA	TI	K	K-S	11	K-S-11	LA-TI-K-S-11	Skjermet indre slakt til småkupert kystslettelandskap med tett bebyggelse	Protected inner undulating coastal plain with village	Indre småkupert kystslette med tett bebyggelse				KLG_RE-KS-2		KLG_IYK-1			KLG_VP-1			KLG_AI-KS-2	KLG_JP-1	231	0	KLG_IYK,KLG_RE-KS,KLG_VP,KLG_AI-KS,KLG_JP					
LA	TI	K	K-S	12	K-S-12	LA-TI-K-S-12	Skjermet indre slakt til småkupert kystslettelandskap med tett bebyggelse  og jordbruksdominans	Protected inner undulating coastal plain with village and agriculture	Indre småkupert kystslette med tett bebyggelse  og jordbruksdominans				KLG_RE-KS-2		KLG_IYK-1			KLG_VP-1			KLG_AI-KS-2	KLG_JP-2	232	0	KLG_IYK,KLG_RE-KS,KLG_VP,KLG_AI-KS,KLG_JP					
LA	TI	K	K-S	13	K-S-13	LA-TI-K-S-13	Skjermet indre slakt til småkupert kystslettelandskap med by	Protected inner undulating coastal plain with city	Indre småkupert kystslette med by				KLG_RE-KS-2		KLG_IYK-1			KLG_VP-1			KLG_AI-KS-3	KLG_JP-1	233	0	KLG_IYK,KLG_RE-KS,KLG_VP,KLG_AI-KS,KLG_JP					
LA	TI	K	K-S	14	K-S-14	LA-TI-K-S-14	Skjermet indre slakt til småkupert kystslettelandskap med by og jordbruksdominans	Protected inner undulating coastal plain with city and agriculture	Indresmåkupert kystslette med by og jordbruksdominans				KLG_RE-KS-2		KLG_IYK-1			KLG_VP-1			KLG_AI-KS-3	KLG_JP-2	234	0	KLG_IYK,KLG_RE-KS,KLG_VP,KLG_AI-KS,KLG_JP					
LA	TI	K	K-S	15	K-S-15	LA-TI-K-S-15	Skjermet indre slakt til småkupert kystslettelandskap med høyt våtmarkspreg	Protected inner undulating coastal plain with wetland	Indre småkupert kystslette med høyt våtmarkspreg				KLG_RE-KS-2		KLG_IYK-1			KLG_VP-2			KLG_AI-KS-1	KLG_JP-1	235	1	KLG_IYK,KLG_RE-KS,KLG_VP,KLG_AI-KS,KLG_JP					
LA	TI	K	K-S	16	K-S-16	LA-TI-K-S-16	Skjermet indre slakt til småkupert kystslettelandskap med høyt våtmarkspreg og jordbruksdominans	Protected inner undulating coastal plain with wetland and agriculture	Indre småkupert kystslette med høyt våtmarkspreg og jordbruksdominans				KLG_RE-KS-2		KLG_IYK-1			KLG_VP-2			KLG_AI-KS-1	KLG_JP-2	236	1	KLG_IYK,KLG_RE-KS,KLG_VP,KLG_AI-KS,KLG_JP					
LA	TI	K	K-S	17	K-S-17	LA-TI-K-S-17	Skjermet indre kystslettelandskap med bratte åser, restfjell, klipper og stup	Protected inner rugged coastal plain	Indre kystslette med bratt fjell				KLG_RE-KS-3		KLG_IYK-1			KLG_VP-1			KLG_AI-KS-1	KLG_JP-1	237	1	KLG_IYK,KLG_RE-KS,KLG_VP,KLG_AI-KS,KLG_JP					
LA	TI	K	K-S	18	K-S-18	LA-TI-K-S-18	Skjermet indre kystslettelandskap med bratte åser, restfjell, klipper og stup med jordbruksdominans	Protected inner rugged coastal plain with agriculture	Indre kystslette med bratt fjell og jordbruksdominans				KLG_RE-KS-3		KLG_IYK-1			KLG_VP-1			KLG_AI-KS-1	KLG_JP-2	238	1	KLG_IYK,KLG_RE-KS,KLG_VP,KLG_AI-KS,KLG_JP					
LA	TI	K	K-S	19	K-S-19	LA-TI-K-S-19	Skjermet indre kystslettelandskap med bratte åser, restfjell, klipper og stup med tett bebyggelse	Protected inner rugged coastal plain with village	Indre kystslette med bratt fjell og tett bebyggelse				KLG_RE-KS-3		KLG_IYK-1			KLG_VP-1			KLG_AI-KS-2	KLG_JP-1	239	0	KLG_IYK,KLG_RE-KS,KLG_VP,KLG_AI-KS,KLG_JP					
LA	TI	K	K-S	20	K-S-20	LA-TI-K-S-20	Skjermet indre kystslettelandskap med bratte åser, restfjell, klipper og stup med høyt våtmarkspreg	Protected inner rugged coastal plain with wetland	Indre kystslette med bratt fjell og høyt våtmarkspreg				KLG_RE-KS-3		KLG_IYK-1			KLG_VP-2			KLG_AI-KS-1	KLG_JP-1	240	1	KLG_IYK,KLG_RE-KS,KLG_VP,KLG_AI-KS,KLG_JP					
LA	TI	K	K-S	21	K-S-21	LA-TI-K-S-21	Middels eksponert ytre kystslettelandskap	Moderately wave-exposed coastal plain	Middels eksponert kystslette				KLG_RE-KS-1		KLG_IYK-2			KLG_VP-1			KLG_AI-KS-1	KLG_JP-1	241	1	KLG_IYK,KLG_RE-KS,KLG_VP,KLG_AI-KS,KLG_JP					
LA	TI	K	K-S	22	K-S-22	LA-TI-K-S-22	Middels eksponert ytre kystslettelandskap med jordbruksdominans	Moderately wave-exposed coastal plain with agriculture	Middels eksponert kystslette med jordbruksdominans				KLG_RE-KS-1		KLG_IYK-2			KLG_VP-1			KLG_AI-KS-1	KLG_JP-2	242	1	KLG_IYK,KLG_RE-KS,KLG_VP,KLG_AI-KS,KLG_JP					
LA	TI	K	K-S	23	K-S-23	LA-TI-K-S-23	Middels eksponert ytre kystslettelandskap med tett bebyggelse	Moderately wave-exposed coastal plain with village	Middels eksponert kystslette med tett bebyggelse				KLG_RE-KS-1		KLG_IYK-2			KLG_VP-1			KLG_AI-KS-2	KLG_JP-1	243	0	KLG_IYK,KLG_RE-KS,KLG_VP,KLG_AI-KS,KLG_JP					
LA	TI	K	K-S	24	K-S-24	LA-TI-K-S-24	Middels eksponert ytre kystslettelandskap med tett bebyggelse  og jordbruksdominans	Moderately wave-exposed coastal plain with village and agriculture	Middels eksponert kystslette med tett bebyggelse  og jordbruksdominans				KLG_RE-KS-1		KLG_IYK-2			KLG_VP-1			KLG_AI-KS-2	KLG_JP-2	244	0	KLG_IYK,KLG_RE-KS,KLG_VP,KLG_AI-KS,KLG_JP					
LA	TI	K	K-S	25	K-S-25	LA-TI-K-S-25	Middels eksponert ytre kystslettelandskap med by	Moderately wave-exposed coastal plain with city	Middels eksponert kystslette med by				KLG_RE-KS-1		KLG_IYK-2			KLG_VP-1			KLG_AI-KS-3	KLG_JP-1	245	0	KLG_IYK,KLG_RE-KS,KLG_VP,KLG_AI-KS,KLG_JP					
LA	TI	K	K-S	26	K-S-26	LA-TI-K-S-26	Middels eksponert ytre kystslettelandskap med høyt våtmarkspreg	Moderately wave-exposed coastal plain with wetland	Middels eksponert kystslette med høyt våtmarkspreg				KLG_RE-KS-1		KLG_IYK-2			KLG_VP-2			KLG_AI-KS-1	KLG_JP-1	246	1	KLG_IYK,KLG_RE-KS,KLG_VP,KLG_AI-KS,KLG_JP					
LA	TI	K	K-S	27	K-S-27	LA-TI-K-S-27	Middels eksponert ytre slakt til småkupert kystslettelandskap	Moderately wave-exposed undulating coastal plain	Middels eksponert og småkupert kystslette				KLG_RE-KS-2		KLG_IYK-2			KLG_VP-1			KLG_AI-KS-1	KLG_JP-1	247	1	KLG_IYK,KLG_RE-KS,KLG_VP,KLG_AI-KS,KLG_JP					
LA	TI	K	K-S	28	K-S-28	LA-TI-K-S-28	Middels eksponert ytre slakt til småkupert kystslettelandskap med jordbruksdominans	Moderately wave-exposed undulating coastal plain with agriculture	Middels eksponert og småkupert kystslette med jordbruksdominans				KLG_RE-KS-2		KLG_IYK-2			KLG_VP-1			KLG_AI-KS-1	KLG_JP-2	248	1	KLG_IYK,KLG_RE-KS,KLG_VP,KLG_AI-KS,KLG_JP					
LA	TI	K	K-S	29	K-S-29	LA-TI-K-S-29	Middels eksponert ytre slakt til småkupert kystslettelandskap med tett bebyggelse	Moderately wave-exposed undulating coastal plain with village	Middels eksponert og småkupert kystslette med tett bebyggelse				KLG_RE-KS-2		KLG_IYK-2			KLG_VP-1			KLG_AI-KS-2	KLG_JP-1	249	0	KLG_IYK,KLG_RE-KS,KLG_VP,KLG_AI-KS,KLG_JP					
LA	TI	K	K-S	30	K-S-30	LA-TI-K-S-30	Middels eksponert ytre slakt til småkupert kystslettelandskap med tett bebyggelse  og jordbruksdominans	Moderately wave-exposed undulating coastal plain with village and agriculture	Middels eksponert og småkupert kystslette med tett bebyggelse  og jordbruksdominans				KLG_RE-KS-2		KLG_IYK-2			KLG_VP-1			KLG_AI-KS-2	KLG_JP-2	250	0	KLG_IYK,KLG_RE-KS,KLG_VP,KLG_AI-KS,KLG_JP					
LA	TI	K	K-S	31	K-S-31	LA-TI-K-S-31	Middels eksponert ytre slakt til småkupert kystslettelandskap med by	Moderately wave-exposed undulating coastal plain with city	Middels eksponert og småkupert kystslette med by				KLG_RE-KS-2		KLG_IYK-2			KLG_VP-1			KLG_AI-KS-3	KLG_JP-1	251	0	KLG_IYK,KLG_RE-KS,KLG_VP,KLG_AI-KS,KLG_JP					
LA	TI	K	K-S	32	K-S-32	LA-TI-K-S-32	Middels eksponert ytre slakt til småkupert kystslettelandskap med høyt våtmarkspreg	Moderately wave-exposed undulating coastal plain with wetland	Middels eksponert og småkupert kystslette med høyt våtmarkspreg				KLG_RE-KS-2		KLG_IYK-2			KLG_VP-2			KLG_AI-KS-1	KLG_JP-1	252	1	KLG_IYK,KLG_RE-KS,KLG_VP,KLG_AI-KS,KLG_JP					
LA	TI	K	K-S	33	K-S-33	LA-TI-K-S-33	Middels eksponert ytre slakt til småkupert kystslettelandskap med høyt våtmarkspreg med tett bebyggelse	Moderately wave-exposed undulating coastal plain with wetland with village	Middels eksponert og småkupert kystslette med høyt våtmarkspreg og tett bebyggelse				KLG_RE-KS-2		KLG_IYK-2			KLG_VP-2			KLG_AI-KS-2	KLG_JP-1	253	0	KLG_IYK,KLG_RE-KS,KLG_VP,KLG_AI-KS,KLG_JP					
LA	TI	K	K-S	34	K-S-34	LA-TI-K-S-34	Middels eksponert ytre kystslettelandskap med bratte åser, restfjell, klipper og stup	Moderately wave-exposed rugged coastal plain	Middels eksponert kystslette med bratt fjell				KLG_RE-KS-3		KLG_IYK-2			KLG_VP-1			KLG_AI-KS-1	KLG_JP-1	254	1	KLG_IYK,KLG_RE-KS,KLG_VP,KLG_AI-KS,KLG_JP					
LA	TI	K	K-S	35	K-S-35	LA-TI-K-S-35	Middels eksponert ytre kystslettelandskap med bratte åser, restfjell, klipper og stup med jordbruksdominans	Moderately wave-exposed rugged coastal plain with agriculture	Middels eksponert kystslette med bratt fjell og jordbruksdominans				KLG_RE-KS-3		KLG_IYK-2			KLG_VP-1			KLG_AI-KS-1	KLG_JP-2	255	1	KLG_IYK,KLG_RE-KS,KLG_VP,KLG_AI-KS,KLG_JP					
LA	TI	K	K-S	36	K-S-36	LA-TI-K-S-36	Middels eksponert ytre kystslettelandskap med bratte åser, restfjell, klipper og stup med tett bebyggelse	Moderately wave-exposed rugged coastal plain with village	Middels eksponert kystslette med bratt fjell og tett bebyggelse				KLG_RE-KS-3		KLG_IYK-2			KLG_VP-1			KLG_AI-KS-2	KLG_JP-1	256	0	KLG_IYK,KLG_RE-KS,KLG_VP,KLG_AI-KS,KLG_JP					
LA	TI	K	K-S	37	K-S-37	LA-TI-K-S-37	Middels eksponert ytre kystslettelandskap med bratte åser, restfjell, klipper og stup med høyt våtmarkspreg og jordbruksdominans	Moderately wave-exposed rugged coastal plain with wetland and agriculture	Middels eksponert kystslette med bratt fjell, høyt våtmarkspreg og jordbruksdominans				KLG_RE-KS-3		KLG_IYK-2			KLG_VP-2			KLG_AI-KS-1	KLG_JP-2	257	1	KLG_IYK,KLG_RE-KS,KLG_VP,KLG_AI-KS,KLG_JP					
LA	TI	K	K-S	38	K-S-38	LA-TI-K-S-38	Eksponert ytre kystslettelandskap	Very wave-exposed outer coastal plain	Eksponert kystslette				KLG_RE-KS-1		KLG_IYK-3			KLG_VP-1			KLG_AI-KS-1	KLG_JP-1	258	1	KLG_IYK,KLG_RE-KS,KLG_VP,KLG_AI-KS,KLG_JP					
LA	TI	K	K-S	39	K-S-39	LA-TI-K-S-39	Eksponert ytre kystslettelandskap med jordbruksdominans	Very wave-exposed outer coastal plain with agriculture	Eksponert kystslette med jordbruksdominans				KLG_RE-KS-1		KLG_IYK-3			KLG_VP-1			KLG_AI-KS-1	KLG_JP-2	259	1	KLG_IYK,KLG_RE-KS,KLG_VP,KLG_AI-KS,KLG_JP					
LA	TI	K	K-S	40	K-S-40	LA-TI-K-S-40	Eksponert ytre kystslettelandskap med tett bebyggelse	Very wave-exposed outer coastal plain with village	Eksponert kystslette med tett bebyggelse				KLG_RE-KS-1		KLG_IYK-3			KLG_VP-1			KLG_AI-KS-2	KLG_JP-1	260	0	KLG_IYK,KLG_RE-KS,KLG_VP,KLG_AI-KS,KLG_JP					
LA	TI	K	K-S	41	K-S-41	LA-TI-K-S-41	Eksponert ytre kystslettelandskap med tett bebyggelse  og jordbruksdominans	Very wave-exposed outer coastal plain with village and agriculture	Eksponert kystslette med tett bebyggelse  og jordbruksdominans				KLG_RE-KS-1		KLG_IYK-3			KLG_VP-1			KLG_AI-KS-2	KLG_JP-2	261	0	KLG_IYK,KLG_RE-KS,KLG_VP,KLG_AI-KS,KLG_JP					
LA	TI	K	K-S	42	K-S-42	LA-TI-K-S-42	Eksponert ytre kystslettelandskap med høyt våtmarkspreg	Very wave-exposed outer coastal plain with wetland	Eksponert kystslette med høyt våtmarkspreg				KLG_RE-KS-1		KLG_IYK-3			KLG_VP-2			KLG_AI-KS-1	KLG_JP-1	262	1	KLG_IYK,KLG_RE-KS,KLG_VP,KLG_AI-KS,KLG_JP					
LA	TI	K	K-S	43	K-S-43	LA-TI-K-S-43	Eksponert ytre kystslettelandskap med høyt våtmarkspreg med tett bebyggelse	Very wave-exposed outer coastal plain with wetland with village	Eksponert kystslette med høyt våtmarkspreg og tett bebyggelse				KLG_RE-KS-1		KLG_IYK-3			KLG_VP-2			KLG_AI-KS-2	KLG_JP-1	263	0	KLG_IYK,KLG_RE-KS,KLG_VP,KLG_AI-KS,KLG_JP					
LA	TI	K	K-S	44	K-S-44	LA-TI-K-S-44	Eksponert ytre slakt til småkupert kystslettelandskap	Very wave-exposed outer undulating coastal plain	Eksponert og småkupert kystslette				KLG_RE-KS-2		KLG_IYK-3			KLG_VP-1			KLG_AI-KS-1	KLG_JP-1	264	1	KLG_IYK,KLG_RE-KS,KLG_VP,KLG_AI-KS,KLG_JP					
LA	TI	K	K-S	45	K-S-45	LA-TI-K-S-45	Eksponert ytre slakt til småkupert kystslettelandskap med jordbruksdominans	Very wave-exposed outer undulating coastal plain with agriculture	Eksponert og småkupert kystslette med jordbruksdominans				KLG_RE-KS-2		KLG_IYK-3			KLG_VP-1			KLG_AI-KS-1	KLG_JP-2	265	1	KLG_IYK,KLG_RE-KS,KLG_VP,KLG_AI-KS,KLG_JP					
LA	TI	K	K-S	46	K-S-46	LA-TI-K-S-46	Eksponert ytre slakt til småkupert kystslettelandskap med tett bebyggelse	Very wave-exposed outer undulating coastal plain with village	Eksponert og småkupert kystslette med tett bebyggelse				KLG_RE-KS-2		KLG_IYK-3			KLG_VP-1			KLG_AI-KS-2	KLG_JP-1	266	0	KLG_IYK,KLG_RE-KS,KLG_VP,KLG_AI-KS,KLG_JP					
LA	TI	K	K-S	47	K-S-47	LA-TI-K-S-47	Eksponert ytre slakt til småkupert kystslettelandskap med tett bebyggelse  og jordbruksdominans	Very wave-exposed outer undulating coastal plain with village and agriculture	Eksponert og småkupert kystslette med tett bebyggelse  og jordbruksdominans				KLG_RE-KS-2		KLG_IYK-3			KLG_VP-1			KLG_AI-KS-2	KLG_JP-2	267	0	KLG_IYK,KLG_RE-KS,KLG_VP,KLG_AI-KS,KLG_JP					
LA	TI	K	K-S	48	K-S-48	LA-TI-K-S-48	Eksponert ytre slakt til småkupert kystslettelandskap med by	Very wave-exposed outer undulating coastal plain with city	Eksponert og småkupert kystslette med by				KLG_RE-KS-2		KLG_IYK-3			KLG_VP-1			KLG_AI-KS-3	KLG_JP-1	268	0	KLG_IYK,KLG_RE-KS,KLG_VP,KLG_AI-KS,KLG_JP					
LA	TI	K	K-S	49	K-S-49	LA-TI-K-S-49	Eksponert ytre slakt til småkupert kystslettelandskap med høyt våtmarkspreg	Very wave-exposed outer undulating coastal plain with wetland	Eksponert og småkupert kystslette med høyt våtmarkspreg				KLG_RE-KS-2		KLG_IYK-3			KLG_VP-2			KLG_AI-KS-1	KLG_JP-1	269	1	KLG_IYK,KLG_RE-KS,KLG_VP,KLG_AI-KS,KLG_JP					
LA	TI	K	K-S	50	K-S-50	LA-TI-K-S-50	Eksponert ytre kystslettelandskap med bratte åser, restfjell, klipper og stup	Very wave-exposed outer rugged coastal plain	Eksponert kystslette med bratt fjell				KLG_RE-KS-3		KLG_IYK-3			KLG_VP-1			KLG_AI-KS-1	KLG_JP-1	270	1	KLG_IYK,KLG_RE-KS,KLG_VP,KLG_AI-KS,KLG_JP					
LA	TI	K	K-S	51	K-S-51	LA-TI-K-S-51	Eksponert ytre kystslettelandskap med bratte åser, restfjell, klipper og stup med tett bebyggelse	Very wave-exposed outer rugged coastal plain with village	Eksponert kystslette med bratt fjell og tett bebyggelse				KLG_RE-KS-3		KLG_IYK-3			KLG_VP-1			KLG_AI-KS-2	KLG_JP-1	271	0	KLG_IYK,KLG_RE-KS,KLG_VP,KLG_AI-KS,KLG_JP					
LA	TI	K	K-S	52	K-S-52	LA-TI-K-S-52	Svært eksponert ytre kystslettelandskap	Extremely wave-exposed outer coastal plain	Svært eksponert kystslette				KLG_RE-KS-1		KLG_IYK-4			KLG_VP-1			KLG_AI-KS-1	KLG_JP-1	272	1	KLG_IYK,KLG_RE-KS,KLG_VP,KLG_AI-KS,KLG_JP					
LA	TI	K	K-S	53	K-S-53	LA-TI-K-S-53	Svært eksponert ytre kystslettelandskap med jordbruksdominans	Extremely wave-exposed outer coastal plain with agriculture	Svært eksponert kystslette med jordbruksdominans				KLG_RE-KS-1		KLG_IYK-4			KLG_VP-1			KLG_AI-KS-1	KLG_JP-2	273	1	KLG_IYK,KLG_RE-KS,KLG_VP,KLG_AI-KS,KLG_JP					
LA	TI	K	K-S	54	K-S-54	LA-TI-K-S-54	Svært eksponert ytre kystslettelandskap med tett bebyggelse	Extremely wave-exposed outer coastal plain with village	Svært eksponert kystslette med tett bebyggelse				KLG_RE-KS-1		KLG_IYK-4			KLG_VP-1			KLG_AI-KS-2	KLG_JP-1	274	0	KLG_IYK,KLG_RE-KS,KLG_VP,KLG_AI-KS,KLG_JP					
LA	TI	K	K-S	55	K-S-55	LA-TI-K-S-55	Svært eksponert ytre kystslettelandskap med høyt våtmarkspreg	Extremely wave-exposed outer coastal plain with wetland	Svært eksponert kystslette med høyt våtmarkspreg				KLG_RE-KS-1		KLG_IYK-4			KLG_VP-2			KLG_AI-KS-1	KLG_JP-1	275	1	KLG_IYK,KLG_RE-KS,KLG_VP,KLG_AI-KS,KLG_JP					
LA	TI	K	K-S	56	K-S-56	LA-TI-K-S-56	Svært eksponert ytre kystslettelandskap med høyt våtmarkspreg med tett bebyggelse	Extremely wave-exposed outer coastal plain with wetland with village	Svært eksponert kystslette med høyt våtmarkspreg og tett bebyggelse				KLG_RE-KS-1		KLG_IYK-4			KLG_VP-2			KLG_AI-KS-2	KLG_JP-1	276	0	KLG_IYK,KLG_RE-KS,KLG_VP,KLG_AI-KS,KLG_JP					
LA	TI	K	K-S	57	K-S-57	LA-TI-K-S-57	Svært eksponert ytre slakt til småkupert kystslettelandskap	Extremely wave-exposed outer undulating coastal plain	Svært eksponert og småkupert kystslette				KLG_RE-KS-2		KLG_IYK-4			KLG_VP-1			KLG_AI-KS-1	KLG_JP-1	277	1	KLG_IYK,KLG_RE-KS,KLG_VP,KLG_AI-KS,KLG_JP					
LA	TI	K	K-S	58	K-S-58	LA-TI-K-S-58	Svært eksponert ytre slakt til småkupert kystslettelandskap med tett bebyggelse	Extremely wave-exposed outer undulating coastal plain with village	Svært eksponert og småkupert kystslette med tett bebyggelse				KLG_RE-KS-2		KLG_IYK-4			KLG_VP-1			KLG_AI-KS-2	KLG_JP-1	278	0	KLG_IYK,KLG_RE-KS,KLG_VP,KLG_AI-KS,KLG_JP					
LA	TI	K	K-S	59	K-S-59	LA-TI-K-S-59	Svært eksponert ytre slakt til småkupert kystslettelandskap med tett bebyggelse  og jordbruksdominans	Extremely wave-exposed outer undulating coastal plain with village and agriculture	Svært eksponert og småkupert kystslette med tett bebyggelse  og jordbruksdominans				KLG_RE-KS-2		KLG_IYK-4			KLG_VP-1			KLG_AI-KS-2	KLG_JP-2	279	0	KLG_IYK,KLG_RE-KS,KLG_VP,KLG_AI-KS,KLG_JP					
LA	TI	K	K-S	60	K-S-60	LA-TI-K-S-60	Svært eksponert ytre slakt til småkupert kystslettelandskap med by	Extremely wave-exposed outer undulating coastal plain with city	Svært eksponert og småkupert kystslette med by				KLG_RE-KS-2		KLG_IYK-4			KLG_VP-1			KLG_AI-KS-3	KLG_JP-1	280	0	KLG_IYK,KLG_RE-KS,KLG_VP,KLG_AI-KS,KLG_JP					
LA	TI	K	K-S	61	K-S-61	LA-TI-K-S-61	Svært eksponert ytre slakt til småkupert kystslettelandskap med høyt våtmarkspreg	Extremely wave-exposed outer undulating coastal plain with wetland	Svært eksponert og småkupert kystslette med høyt våtmarkspreg				KLG_RE-KS-2		KLG_IYK-4			KLG_VP-2			KLG_AI-KS-1	KLG_JP-1	281	1	KLG_IYK,KLG_RE-KS,KLG_VP,KLG_AI-KS,KLG_JP					
LA	TI	K	K-S	62	K-S-62	LA-TI-K-S-62	Svært eksponert ytre kystslettelandskap med bratte åser, restfjell, klipper og stup	Extremely wave-exposed outer rugged coastal plain	Svært eksponert kystslette med bratt fjell				KLG_RE-KS-3		KLG_IYK-4			KLG_VP-1			KLG_AI-KS-1	KLG_JP-1	282	1	KLG_IYK,KLG_RE-KS,KLG_VP,KLG_AI-KS,KLG_JP					
LA	TI	K	K-S	63	K-S-63	LA-TI-K-S-63	Svært eksponert ytre kystslettelandskap med bratte åser, restfjell, klipper og stup med høyt våtmarkspreg	Extremely wave-exposed outer rugged coastal plain with wetland	Svært eksponert kystslette med bratt fjell og høyt våtmarkspreg				KLG_RE-KS-3		KLG_IYK-4			KLG_VP-2			KLG_AI-KS-1	KLG_JP-1	283	1	KLG_IYK,KLG_RE-KS,KLG_VP,KLG_AI-KS,KLG_JP					
LA	TI	K	K-A	1	K-A-1	LA-TI-K-A-1	Kystås- og kystfjellandskap	Coastal hills- and mountains	Kystås- og kystfjellandskap														284	0						
LA	TI	k	K-A			LA-TI-K-A	Kystås- og kystfjellandskap	Coastal hills- and mountains	Kystås- og kystfjellandskap	Kystås- og fjellandskap omfatter større konkave og konvekse landformer med kystlinje, med større høydeforskjeller enn 50 meter innenfor et nabolag på 1 kilometer, og som ikke  tilfredsstiller kriteriene for verken fjord eller kystslette. Landformene i ås- og fjelltopplandskap er resultatet av et stort mangfold av geologiske og landformdannende prosesser.																				
LA	TI	M	M-A			LA-TI-M-A	Marine ås- og fjellandskap	Submarine hills and mountains	Marine ås- og fjellandskap	Ås- og fjellandskap som i sin helhet befinner seg under havnivå og der høydeforskjellene innenfor et nabolag på 1 kilometer ikke overstiger 50 meter.																				
LA	TI	M	M-D			LA-TI-M-D	Marine dallandskap	Submarine fjords	Marine dallandskap	Større sammenhengende, langstrakte fordypninger i landskapet som i sin helhet befinner seg under havnivå.																				
LA	TI	M	M-S			LA-TI-M-S	Marine sletter	Submarine deepwater plains	Marine sletter	Slettelandskap som i sin helhet befinner seg under havnivå og der høydeforskjellene innenfor et nabolag på 1 kilometer ikke overstiger 50 meter.																				
																														
